place_id,name,lat,lng,address,rating,user_ratings_total,types
ChIJ1cvVVI9x4ToRgwkkq1jYdjw,Cargills Food City - Karapitiya 2,6.0668693,80.22345899999999,"Hirimbura Rd, Galle",4.3,368.0,"supermarket,grocery_or_supermarket,store,point_of_interest,food,establishment"
ChIJMd6c6n5x4ToRh2UeGp3qLHc,Cargills Food City - Karapitiya 1,6.068023,80.2280809,"Labuduwa Rd, Galle",4.1,992.0,"supermarket,grocery_or_supermarket,store,point_of_interest,food,establishment"
ChIJhVc3p7tz4ToRblNf47szSss,Cargills Food City - Galle 2,6.0351835,80.21712269999999,"10/8 Wakwella Rd, Galle",4.2,746.0,"supermarket,grocery_or_supermarket,store,point_of_interest,food,establishment"
ChIJQ6-HEotz4ToRN5dVgAWGGnE,Cargills Food City (Express) - Galle Fort,6.024795,80.2180412,"74 Church St, Galle",4.5,147.0,"supermarket,grocery_or_supermarket,store,point_of_interest,food,establishment"
ChIJV3-031Fy4ToRzHTzuPxSepc,Cargills Food City (Express) - Katugoda,6.0330145,80.2390163,"No. 1/389, Matara Road Katugoda",4.1,472.0,"supermarket,grocery_or_supermarket,store,point_of_interest,food,establishment"
ChIJ7ZHkbrR34ToR39cxsI5HAgE,Cargills Food City (Express) - Hikkaduwa 2,6.1156671,80.1200585,"4489+CRG, 143 Galle Rd, Hikkaduwa",4.3,139.0,"supermarket,grocery_or_supermarket,store,point_of_interest,food,establishment"
ChIJwcvC5Wtz4ToR6lDFrB4RMe8,Cargills Food City (Express) - Unawatuna,6.0198256,80.2477127,"269X+W3P, Matara Rd, Unawatuna",4.3,484.0,"grocery_or_supermarket,store,point_of_interest,food,establishment"
ChIJ0S-O1olz4ToROOrQiwdca0s,Cargills Food City - Thanipolgaha Junction,6.0460103,80.224479,"30 Morris Rd, Galle",4.4,161.0,"supermarket,grocery_or_supermarket,store,point_of_interest,food,establishment"
ChIJ4bqAWLtz4ToR3Lo6MI9r8kU,Cargills Food City - Galle 1,6.0333185,80.2154128,"24, 26 Gamini Mawatha, Galle",3.9,333.0,"supermarket,grocery_or_supermarket,store,point_of_interest,food,establishment"
ChIJU5RMFQVx4ToRhZQn70Nw64I,Cargills Food City (Express) - Hapugala,6.073818,80.197842,"B130, Hapugala",4.1,226.0,"supermarket,grocery_or_supermarket,store,point_of_interest,food,establishment"
ChIJo9EKtv934ToR7yhd3Rv2ePE,Cargills Food City (Express) - Hikkaduwa 1,6.143180399999999,80.0996948,"162 Galle Rd, Hikkaduwa",4.2,560.0,"supermarket,grocery_or_supermarket,store,point_of_interest,food,establishment"
ChIJo0Fg4yRz4ToRVRAAtcDqfL8,Cargills Food City (Express) - Dangedara,6.0517316,80.2199407,"389 B128, Galle",4.5,109.0,"supermarket,grocery_or_supermarket,store,point_of_interest,food,establishment"
ChIJ1z2ej_Vz4ToRUqiX3NkpOFA,Cargills Food City (Express) - Nugaduwa Fairway,6.0385806,80.2495409,"26QX+CRM, Galle",4.4,74.0,"supermarket,grocery_or_supermarket,store,point_of_interest,food,establishment"
ChIJbQCiRG9x4ToRsyP_etS2Ia4,Cargills Food City (Express) - Labuduwa,6.0717471,80.23799939999999,"36CQ+M5X, Galle - Mapalagama Rd, Galle",4.3,141.0,"supermarket,grocery_or_supermarket,store,point_of_interest,food,establishment"
ChIJt_ZeXbpz4ToRvcFauZHxu38,Cargills Food City (Express),6.0357646,80.219495,"No. 487, new Galle Road Moratuwella",4.0,105.0,"supermarket,grocery_or_supermarket,store,point_of_interest,food,establishment"
ChIJV2HzVVx54ToRv6zJw7_z8cc,Cargills Foodcity Express - Baddegama,6.1652244,80.17964219999999,"558H+3RX, Baddegama",4.2,216.0,"supermarket,grocery_or_supermarket,store,point_of_interest,food,establishment"
ChIJwbrkc4N34ToRTpz5hgqqiec,Aluroma Food City,6.0627835,80.1759124,"Pitiwella, Boossa, Galle - Colombo Rd, Galle",3.7,67.0,"supermarket,grocery_or_supermarket,store,point_of_interest,food,establishment"
ChIJUQNcWR934ToR_ZtqPyw4nZY,Cargills Food City (Express) - Arachchikanda,6.1417924,80.1325713,"44RM+P28, Arachchikanda",4.2,112.0,"supermarket,grocery_or_supermarket,store,point_of_interest,food,establishment"
ChIJjRYLb7Nz4ToR9BpBccl9jVY,Arpico Supercentre - Galle,6.037102099999999,80.2301069,"181 Matara Rd, Galle",4.4,2484.0,"supermarket,grocery_or_supermarket,store,point_of_interest,food,establishment"
ChIJyeMmFMlz4ToR-y4_V34wuNM,Ceylon City Mart (Hidayath Hypermarket ),6.046703399999999,80.2250092,"83 Morris Rd, Galle",3.9,1573.0,"department_store,pharmacy,supermarket,shopping_mall,grocery_or_supermarket,store,health,point_of_interest,food,establishment"
ChIJ8VY_NRh34ToRDLx9il7cJqs,Kunkuma food city,6.1407712,80.1021093,"44R2+8RH, Hikkaduwa",4.1,14.0,"grocery_or_supermarket,food,store,point_of_interest,establishment"
ChIJg5u9peNz4ToRjAB53CWsrFI,Abeywickrama Food City,6.060211199999999,80.20193689999999,"3662+4Q8, B130, Galle",3.9,314.0,"supermarket,grocery_or_supermarket,food,store,point_of_interest,establishment"
ChIJ1ZkRopNz4ToRyq6B-Hl8PMQ,Galle cargils food city,6.0535023,80.220957,"363C+C94 cargils food city, Galle",5.0,1.0,"bakery,food,store,point_of_interest,establishment"
ChIJf2sjuf5w4ToR9OrH86FnkVg,Food City,6.1102496,80.227742,"466H+33X, Narawala Rd, Poddala",4.2,12.0,"grocery_or_supermarket,food,store,point_of_interest,establishment"
ChIJb3uedEB34ToRKHveOBope8g,DAMMIKA FOOD CITY - ධම්මිකා ෆුඩ් සිටි,6.1434397,80.1001495,"Kuruduwaththa road, Hikkaduwa",4.2,5.0,"supermarket,grocery_or_supermarket,food,store,point_of_interest,establishment"
ChIJgdNi4-N34ToRPICtbkiVis8,Sandagiri Super Market (Pvt) Ltd,6.1300009,80.1030382,"369 Galle Rd, Hikkaduwa",4.2,1121.0,"supermarket,grocery_or_supermarket,food,store,point_of_interest,establishment"
ChIJ__87BDgV4ToRvq7bEi9ld74,Cargills Food City - Weligama,5.9732912,80.4322157,"Cargills Food City, Weligama",4.1,1168.0,"grocery_or_supermarket,store,point_of_interest,food,establishment"
ChIJtUOYWNM44ToRdv2OlqwWT-o,Cargills Food City - Matara 1,5.9493725,80.5447226,"60 Anagarika Dharmapala Mawatha, Matara",4.2,1252.0,"supermarket,grocery_or_supermarket,store,point_of_interest,food,establishment"
ChIJId_eLME_4ToRLcTDvX_kYO8,Cargills Food City - Walgama,5.9418307,80.5123179,"19, 35 Samagi Mawatha, Matara",4.5,319.0,"supermarket,grocery_or_supermarket,store,point_of_interest,food,establishment"
ChIJTz-tG9g44ToRAGNC0UMkTIQ,Cargills Food City - Matara 2,5.9430868,80.55446859999999,"No. 28, 37 Araliya Mawatha",4.4,638.0,"supermarket,grocery_or_supermarket,store,point_of_interest,food,establishment"
ChIJtboGLtQ_4ToRT5uwDNgXD_Y,Cargills Food City - Mirissa,5.947409299999999,80.458157,Mirissa,4.2,1041.0,"grocery_or_supermarket,store,point_of_interest,food,establishment"
ChIJl_oVjzxt4ToRa0wHelLMxTg,Cargills Food City (Express) - Habaraduwa,5.993628999999999,80.3069106,"Dassana Building, Galle Road, Habaraduwa",4.0,421.0,"supermarket,grocery_or_supermarket,store,point_of_interest,food,establishment"
ChIJZzPN4C8_4ToRV8Y6CGjyMnI,Cargills Food City (Express) - Isadeen Town,5.9542363,80.5338647,"Akuressa Rd, Matara",3.9,411.0,"supermarket,grocery_or_supermarket,store,point_of_interest,food,establishment"
ChIJx7Qt_tU44ToRsf3VuOnLdvI,Cargills Food City (Express) - Matara,5.944539799999999,80.5494458,"1, A2, Matara",3.8,114.0,"supermarket,grocery_or_supermarket,store,point_of_interest,food,establishment"
ChIJYeX1J1gT4ToRqlWofDDYinM,Cargills Food City (Express) - Ahangama,5.9725152,80.36390449999999,"No.55/A, Galle Rd, Ahangama",4.2,372.0,"supermarket,grocery_or_supermarket,store,point_of_interest,food,establishment"
ChIJq-CHyJhH4ToRKfeNDn5q-JA,Cargills Food City Thihagoda,6.0116802,80.5664828,"Wasantha, B275, Thihagoda",4.4,145.0,"supermarket,grocery_or_supermarket,food,store,point_of_interest,establishment"
ChIJ1XO7-0Y54ToRJ-yJ3eLs-qo,Cargills Food City (Express) - Devinuwara,5.9299388,80.5940363,"WHHW+X2M, No.44H, Tangalle Road, East, Dondra",4.1,117.0,"supermarket,grocery_or_supermarket,food,store,point_of_interest,establishment"
ChIJ592j12lC4ToRwo2SbrXNwDw,Cargills Food City - Akuressa,6.0968374,80.4770209,"Matara - Akuressa Hwy, Akuressa",4.2,447.0,"supermarket,grocery_or_supermarket,food,store,point_of_interest,establishment"
ChIJtyIJ9x054ToRC8FmKXD6hZs,Cargills Food City (Express) - Kekanadura,5.964122400000001,80.60271639999999,"Rathmale Road, Kekanadura",4.4,64.0,"supermarket,grocery_or_supermarket,food,store,point_of_interest,establishment"
ChIJp5A49Xc54ToRZz1cH5zNmiY,Cargills Food City (Express) - Kumbalgama,5.9476958,80.5831283,"WHXM+37C, Yatiyana road, Kubalgama, Matara",4.9,20.0,"grocery_or_supermarket,food,store,point_of_interest,establishment"
ChIJDcm7bzxx4ToRalOc8oS53Go,Cargills Food City (Express) - Pinnaduwa,6.0655969,80.268081,"3789+66P, Pinnaduwa Exit, Walahanduwa",4.2,55.0,"supermarket,grocery_or_supermarket,food,store,point_of_interest,establishment"
ChIJ__SIDzsV4ToRMKikHGiIHkE,Cargills Pharmacy,5.973296200000001,80.4322196,"Cargills Food City, Weligama",4.5,4.0,"pharmacy,health,store,point_of_interest,establishment"
ChIJ9wKyBhhE4ToRoDKNQkYoyJo,Rathna Stores and Food City,6.0802067,80.5657603,"3HJ8+38J, Kamburupitiya",4.1,14.0,"supermarket,grocery_or_supermarket,food,store,point_of_interest,establishment"
ChIJ1f45ErkT4ToRI9S-g4ZBXAk,Dileepa Food City,5.9756067,80.3578258,"Priyadigama, Ahangama",3.8,9.0,"grocery_or_supermarket,food,store,point_of_interest,establishment"
ChIJHc4FE8lz4ToRnWu8rX6gXiM,House Of Hidayath (Ceylon City Mart),6.046703399999999,80.2250092,"83 Morris Rd, Galle",4.1,278.0,"department_store,store,point_of_interest,establishment"
ChIJpTU-H0UV4ToR23eWDfCHzMI,AROMIN AYURVEDIC WELLNESS CENTRE & CHANNELING CENTER,5.9734639,80.43211079999999,"Infront of, Cargills Food City, 441/3 Matara Rd, Weligama",4.8,97.0,"spa,beauty_salon,doctor,health,store,point_of_interest,establishment"
ChIJ5xwAFTcV4ToRlvPpi7vPdeg,Global Shopping (Pvt) Ltd & FOODCITY,5.9752725,80.42873929999999,"111 Vajiragnana Mawatha, Weligama",3.8,246.0,"shopping_mall,clothing_store,restaurant,food,store,point_of_interest,establishment"
ChIJ-4bd701y4ToRVS4JEP7FJUw,Sea Fair Food City,6.033618,80.2375118,"16 A2, Galle",4.4,911.0,"supermarket,grocery_or_supermarket,food,store,point_of_interest,establishment"
ChIJszKEXwBz4ToRR0EjHC6EvIc,SPAR GALLE,6.0371465,80.2257078,"26PG+V74, Old Matara Rd, Galle",4.4,220.0,"supermarket,grocery_or_supermarket,food,store,point_of_interest,establishment"
ChIJjwrmV-oV4ToRIRCHVTbrCxQ,AUTO ELECTRICAL,5.9732002,80.4322301,"Cargills Food City, Weligama",,,"car_repair,point_of_interest,establishment"
ChIJVzjSBt844ToRe2vopt5OLJQ,Keells Super - Matara 2,5.947121999999999,80.5632004,"No. 361 Welewatta, Matara",4.4,651.0,"supermarket,grocery_or_supermarket,food,store,point_of_interest,establishment"
ChIJRdn6EvBz4ToRXfLByXcWG5c,SHANTHA STORES,6.0523336,80.19745089999999,"352W+WXC, Wekunagoda Rd, Galle",4.0,11.0,"supermarket,grocery_or_supermarket,food,store,point_of_interest,establishment"
ChIJNzta4HIV4ToRajS9x0SJ5GA,City Bay House Weligama,5.973192099999999,80.4322309,"Cargills Food City, 454/1 Matara Rd, Weligama",4.5,6.0,"lodging,point_of_interest,establishment"
ChIJL3Dldb1z4ToRPdNBQxPf0hA,Keells - Galle,6.0351437,80.2109389,"46 Colombo Main Rd, Galle",4.3,3292.0,"supermarket,bakery,grocery_or_supermarket,food,store,point_of_interest,establishment"
ChIJU_MUDm4V4ToRtqNbkUVsR_4,"Happy hammocks, Weligama - Beach Road",5.972991299999999,80.4321054,"Next to Cargills Food City, 287, Weligama",4.8,110.0,"cafe,lodging,food,point_of_interest,establishment"
ChIJI628dU1y4ToR7KBC4nfUPno,CozyBusy,5.9431489,80.5592011,"Browns hill Terrace, Browns Hill, 1/9B Road, Matara",5.0,1.0,"health,food,store,point_of_interest,establishment"
ChIJtam7lNtK4ToR6qhtcYv_i8M,Cargills Food City - Tangalle,6.025772400000001,80.7946269,"New Tangalle Rd, Tangalle",4.1,1033.0,"supermarket,grocery_or_supermarket,food,store,point_of_interest,establishment"
ChIJqePOGkE24ToR4LId2nKmJyM,Cargills Food City - Dickwella,5.964709399999999,80.6957712,"52 New Tangalle Rd, Dikwella",4.2,681.0,"supermarket,grocery_or_supermarket,food,store,point_of_interest,establishment"
ChIJITAPofe65joR1Tply3SbEqA,Cargills Food City - Ambalantota,6.1222693,81.0186658,"129, Jayantha Building, Tangalle Road, Ambalantota",4.2,423.0,"supermarket,grocery_or_supermarket,food,store,point_of_interest,establishment"
ChIJLa51e8RL4ToRltpYpwuM2ZM,Cargills Food City (Express) - Beliatta,6.0464126,80.7357466,"2PWP+H7P, No. 52, Tangalle Road, Beliatta",4.0,321.0,"supermarket,grocery_or_supermarket,food,store,point_of_interest,establishment"
ChIJBVFU1r6t5joRFWkq2EQhVLI,Cargills Food City (Express) - Angunukolapelessa,6.1663045,80.89739569999999,"5V8W+GXC, Agunukolapelessa",4.5,30.0,"supermarket,grocery_or_supermarket,food,store,point_of_interest,establishment"
ChIJDS8o689P4ToRVQ2fONCEuAw,Cargills Food City (Express) - Walasmulla,6.1503734,80.6974639,"5M2W+4XW, South, Walasmulla",4.3,122.0,"grocery_or_supermarket,food,store,point_of_interest,establishment"
ChIJbe2VXwBL4ToR3pvlPjuwo-g,Cargills Food City Tangalle 02,6.0278627,80.7952083,"75 Matara Rd, Tangalle",5.0,22.0,"supermarket,grocery_or_supermarket,food,store,point_of_interest,establishment"
ChIJhyQgLABP4ToRnw7u8Sh_KPA,Cargills Food City - Hakmana,6.082768199999999,80.6470113,"3JMW+4Q9, Hakmana",4.3,43.0,"grocery_or_supermarket,food,store,point_of_interest,establishment"
ChIJoW9HvZNN4ToRf-VTnN4OMyE,Cargills Food City (Express) - Weeraketiya,6.1484412,80.7624838,"4QX6+9XQ Pawana, Beliatta - Walasmulla Rd, Weeraketiya",4.2,48.0,"grocery_or_supermarket,food,store,point_of_interest,establishment"
ChIJ_VpxZQCz5joRpy4r7WMZ-xs,Cargills food city express,6.0935429,80.8626864,"3VV7+C37, Ranna",,,"supermarket,grocery_or_supermarket,food,store,point_of_interest,establishment"
ChIJaxsH10E24ToRBDDCRA6BIkU,Southern Food City,5.964678699999999,80.69908149999999,"New Tangalle Rd, Dikwella",4.3,78.0,"supermarket,grocery_or_supermarket,store,food,point_of_interest,establishment"
ChIJtU5HDp5L4ToRa5BG4DxQoNI,Cargills EXpress Tangalle,6.0322449,80.78863369999999,"2QJQ+VFR, Tangalle",4.5,59.0,"grocery_or_supermarket,store,food,point_of_interest,establishment"
ChIJxQ1n20A24ToR_eujUcsOcWM,Jayananda Food City,5.965684599999999,80.6947191,"XM8V+7VQ, Dikwella",4.2,26.0,"grocery_or_supermarket,store,food,point_of_interest,establishment"
ChIJ5y0qdiBO4ToRycNvjEVCyN4,Co-op Food City,6.1561533,80.6974003,"5M4W+FX6, B485, Walasmulla",4.1,21.0,"supermarket,grocery_or_supermarket,store,food,point_of_interest,establishment"
ChIJwfnhVPa65joRE6USSM0R3VQ,Cargills Food City Ambalantota,6.1221887,81.0173848,Ambalantota,5.0,1.0,"transit_station,point_of_interest,establishment"
ChIJa1JM4o2w5joRC3eQuTIMA1c,Food City,6.1093347,80.9703931,"4X5C+P5J, Nonagama",4.1,7.0,"grocery_or_supermarket,store,food,point_of_interest,establishment"
ChIJaRJEcgS95joRPj3_GMKTGi4,Cargills Food City - Hambanthota,6.1283566,81.12586689999999,"Thissa Road, Hambanthota",4.1,412.0,"supermarket,grocery_or_supermarket,food,store,point_of_interest,establishment"
ChIJ_d50oPe65joR_sPEXljX6rY,In Front Of Cargills Food City,6.1223673,81.0187816,Ambalantota,,,"transit_station,point_of_interest,establishment"
ChIJXQJvu4KB4ToRkWGLYupuncI,Cargills Food City - Ambalangoda 1,6.23789,80.05430899999999,"98 A New Road, Ambalangoda",4.2,386.0,"supermarket,grocery_or_supermarket,food,store,point_of_interest,establishment"
ChIJIQq1nyfN4zoRqjE0lL5YHug,Cargills Food City කාගිල්ස් ෆුඩ් සිටි,6.522431399999999,80.1121347,"93 Kalutara-Matugama Rd, Matugama",4.1,499.0,"supermarket,convenience_store,pharmacy,grocery_or_supermarket,health,food,store,point_of_interest,establishment"
ChIJVVVVVbDS4zoRnu6vhj3V5Q0,Cargills Food City Express - Southern Highway - A,6.4687679,80.0793716,"Cargills Food City Express B, Canowin Arcade, Welipenna Rest Area, Welipenna",4.0,532.0,"supermarket,grocery_or_supermarket,food,store,point_of_interest,establishment"
ChIJJ4WzVLkx4joRj-lMjNs7D3k,Cargills Food City Express Maggona,6.503911599999999,79.9804389,"No. 396/5, Colombo - Galle - Hambantota - Wellawaya Hwy, Maggona",4.1,175.0,"supermarket,grocery_or_supermarket,food,store,point_of_interest,establishment"
ChIJq_F1diEu4joRKj2IcAjYeds,Cargills Food City - Beruwala,6.4746932,79.98348949999999,"Asian Highway 43, Beruwala",4.0,147.0,"supermarket,grocery_or_supermarket,food,store,point_of_interest,establishment"
ChIJk_SnIYYu4joRKJ8MkeGP2H4,Cargills Food City - Aluthgama 1,6.4333354,79.9977837,"303 Main Street, Aluthgama",4.0,810.0,"supermarket,grocery_or_supermarket,food,store,point_of_interest,establishment"
ChIJp8iEdNQt4joRIgRG-qUPEdo,Cargills Food City - Dharga Town,6.4412895,80.0138922,"321/3 Main Street, Aluthgama - Mathugama Rd, Dharga Town",3.9,542.0,"supermarket,grocery_or_supermarket,food,store,point_of_interest,establishment"
ChIJayKdEoKB4ToR76QO2i8Ig2w,Cargills Food City - Ambalangoda 2,6.2347734,80.0542352,"63M3+WM4, A2, Ambalangoda",4.1,394.0,"supermarket,grocery_or_supermarket,food,store,point_of_interest,establishment"
ChIJKVGcju-A4ToRrOTpTL_C19Y,Cargills Food City Express - Balapitiya,6.280943,80.040612,"A2, Balapitiya",4.1,345.0,"supermarket,grocery_or_supermarket,food,store,point_of_interest,establishment"
ChIJAQAAANOB4ToR3b_DcCet_i4,Cargills Food City (Express) - Karandeniya,6.2703717,80.09136869999999,"No 343 Mahaedanda, Karandeniya",4.3,215.0,"supermarket,grocery_or_supermarket,food,store,point_of_interest,establishment"
ChIJMQwVSZou4joRH-7scedKVME,Cargills Food City Express - Benthota,6.423032399999999,79.9991747,"118 Pahurumulla, Asian Highway 43, Bentota",4.1,504.0,"supermarket,grocery_or_supermarket,food,store,point_of_interest,establishment"
ChIJeeCOm2Iu4joRPy5jtGz4uw4,Cargills Food City - Aluthgama 2,6.437482,79.9957355,"CXPW+X7X, Aluthgama",4.4,366.0,"grocery_or_supermarket,food,store,point_of_interest,establishment"
ChIJF9XNrW8r4joRtH299UBee34,Cargills Food City Express - Uragasmanhandiya,6.3428902,80.0822014,"83VJ+5V4, Uragasmanhandiya",4.3,79.0,"supermarket,grocery_or_supermarket,food,store,point_of_interest,establishment"
ChIJd8z_Nrkr4joR0Ti3DClxXEs,Cargills Food City Express - Ahungalla,6.3151843,80.034932,"828M+3XF, Wathuregama",4.4,116.0,"supermarket,grocery_or_supermarket,food,store,point_of_interest,establishment"
ChIJ1XEnDSjN4zoRxglGTHbFXjg,Cargills food city Mathugama 02,6.5217578,80.11701970000001,"Agalawatta - Matugama Rd, Matugama",4.5,124.0,"grocery_or_supermarket,food,store,point_of_interest,establishment"
ChIJvTsuYgB54ToRzoiB33zGLI8,Cargills Food City Express - Batapola,6.2258768,80.1175308,"64G9+922, Batapola",4.4,47.0,"supermarket,grocery_or_supermarket,food,store,point_of_interest,establishment"
ChIJR58vB9bX4zoRr-OsqzGWbTo,Cargills Food City (Express) - Pitigala,6.335581599999999,80.2216562,"86PC+6MJ, Pitigala",4.1,47.0,"supermarket,grocery_or_supermarket,food,store,point_of_interest,establishment"
ChIJf__HKwB_4ToRbFtjsdHqB2c,Cargills Food City,6.2886652,80.16327489999999,"75Q7+F87, Elpitiya-Pituwala-Kahaduwa Road, Elpitiya",5.0,1.0,"supermarket,grocery_or_supermarket,food,store,point_of_interest,establishment"
ChIJG7F9UAAt4joRxhS0jtIk1xg,Cargills Food City Express - Southern Highway - B,6.4690414,80.07672459999999,"6°28'08.8""N 80°04'38.0""E",2.8,4.0,"convenience_store,food,store,point_of_interest,establishment"
ChIJoft3j2wq4joRh4h3U36bQ6Q,Cargills Food City Kosgoda Srimal Building,6.326866099999999,80.0334476,Kosgoda,4.4,96.0,"supermarket,grocery_or_supermarket,food,store,point_of_interest,establishment"
ChIJ8SOgjXkx4joRzrhvlEcghzk,"Cargills Express, Payagala",6.527908099999999,79.97882589999999,"GXHH+5G8, Beruwala",4.1,114.0,"supermarket,grocery_or_supermarket,food,store,point_of_interest,establishment"
ChIJQX2BQEp_4ToRK98-yp14FQY,Cargills Food City Express - Kurundugaha hetekma,6.274593899999999,80.137919,"74FQ+R5F, Kurundugahahetekma",4.3,17.0,"grocery_or_supermarket,food,store,point_of_interest,establishment"
ChIJY2iFzk6B4ToRD-FhKaTi1GE,Cargills Food City,6.240557,80.0536425,"No:107 or 107/3, Galle Rd, Kaluwamodara, Kaluwamodara, අලුත්ගම",3.0,1.0,"supermarket,grocery_or_supermarket,store,food,point_of_interest,establishment"
ChIJ9_EsR67Z4zoR95PstNiEc3E,Cargills Food City (Express) - Neluwa,6.3781674,80.3620978,Neluwa,4.5,100.0,"supermarket,grocery_or_supermarket,store,point_of_interest,food,establishment"
ChIJ8WxhskVX4ToR6Uu_A68tlSY,Cargills Food City (Express) - Urubokka,6.3050126,80.6336634,"8J3M+VJ, Main street, Urubokka",4.7,35.0,"supermarket,grocery_or_supermarket,store,point_of_interest,food,establishment"
ChIJa_uHFTzi4zoRZmOuPVwVuAM,Cargills Food City Express - Deniyaya,6.3466076,80.5594007,"No. 04 Pallegama Road, Deniyaya",4.0,333.0,"supermarket,grocery_or_supermarket,store,food,point_of_interest,establishment"
ChIJExbHTTTZ4zoRIsOR_5LvZs0,Cargills Food City (Express) - Neluwa,6.3740333,80.3887232,"No. 10, Sawijaya Building, Dhellawa Rd, Galle",3.8,20.0,"supermarket,grocery_or_supermarket,store,food,point_of_interest,establishment"
ChIJMyFoRltf4ToR5zKMxt-pQB8,Cargills Food City (Express) - Morawaka,6.2625267,80.4913266,"7F7R+2G8, Galle-Deniyaya-Madampe Hwy, Morawaka",4.3,95.0,"supermarket,grocery_or_supermarket,store,food,point_of_interest,establishment"
ChIJq6qqqqpe4ToRtAule7b_w8Q,Cargills Food City Express - Southern Highway - A,6.237375,80.54384499999999,"Cargills Food City Express, A Canowin Arcade, Welipenna Rest area. (Southern Hig, Welipenna",,,"supermarket,grocery_or_supermarket,store,food,point_of_interest,establishment"
ChIJVVVVVRLw4zoRZIAXPu4HMS0,Cargills Food City (Express) - Godakawela,6.5041825,80.652869,"Main Street, Godakawela",4.4,171.0,"supermarket,grocery_or_supermarket,store,point_of_interest,food,establishment"
ChIJU95Jj9QB5DoRg0-poTbj_ig,Cargills Food City - Embilipitiya,6.3314768,80.85675979999999,"51, Nonagama Road, Pallegama, Embilipitiya",4.2,548.0,"supermarket,grocery_or_supermarket,store,point_of_interest,food,establishment"
ChIJ943uNn1U4ToRvbcbR3z8IAA,Cargills Food City (Express) - Middeniya,6.2491163,80.76432350000002,"6QX7+JP5, Liyanage Building, Weeraketiya Road, Middeniya",3.9,140.0,"supermarket,grocery_or_supermarket,store,point_of_interest,food,establishment"
ChIJVTu1Agv54zoRgn2OTlqWlHo,Cargills Food City,6.4103765,80.79738549999999,"CQ6W+5X2, Udawalawa",4.4,138.0,"store,point_of_interest,establishment"
ChIJrQaSlhj74zoR4AMvVNHPBT0,Cargills Food City (Express) - Pallebedda,6.481222499999999,80.7065263,"FPJ4+FJJ, Pallebedda",4.6,79.0,"grocery_or_supermarket,store,point_of_interest,food,establishment"
ChIJVVVVVQEm5DoR158kv7Ot474,Cargills Food City (Express) - Kataragama,6.415672,81.3317751,"No 53/1/1/2, Sella Road, Kataragama",4.1,742.0,"supermarket,grocery_or_supermarket,store,point_of_interest,food,establishment"
ChIJVV-jL1uc5joRtxLcD8kkOOQ,Cargills Food City - Tissamaharama,6.278581,81.2855518,"77HP+C6M, Tissamaharama",4.2,954.0,"supermarket,grocery_or_supermarket,store,point_of_interest,food,establishment"
ChIJM2tZLQCd5joRrtiLhg2i51c,Cargills Food City (Express) - Debarawewa,6.279865099999999,81.2659037,"77J8+288, Debarawewa",4.5,23.0,"store,point_of_interest,establishment"
ChIJ1UZ4FaIh5DoRFQjxt0Snm_I,Jagath Food City,6.338848899999999,81.2040784,"86Q3+HJ9, භම්ඛන්තොට",4.4,10.0,"supermarket,grocery_or_supermarket,store,point_of_interest,food,establishment"
ChIJSymjHACl5joRY4M8i-79PeA,Cargills food city,6.1794943,81.04352879999999,Ambalantota Rd,,,"grocery_or_supermarket,store,point_of_interest,food,establishment"
ChIJk5HOfCQn5DoRIa2F8cfub9I,Matara Super Food City,6.4146189,81.3334474,"C87M+R9W, Abhaya Mawatha, Kataragama",5.0,2.0,"grocery_or_supermarket,store,point_of_interest,food,establishment"
ChIJEZcx5hhb4joR1ziFY-aEiko,Cargills Food City – Mount Lavinia STC,6.8372218,79.86729389999999,"270, Galle Rd, Mount Lavinia .S.T.C, Dehiwala-Mount Lavinia",3.9,1040.0,"supermarket,grocery_or_supermarket,store,point_of_interest,food,establishment"
ChIJxc-tpWBZ4joRyqeRa6eipAY,Cargills Food City - Duplication Road,6.9024028,79.8545389,"450 E R. A. De Mel Mawatha, Colombo",4.1,1606.0,"supermarket,grocery_or_supermarket,store,point_of_interest,food,establishment"
ChIJiRbBqdJb4joRORUunwDrZWc,Cargills Food City - Jaya Road,6.886556199999999,79.8549986,"No. 34, Jaya Road, Colombo - 04 Colombo - 04, Colombo",4.0,437.0,"supermarket,grocery_or_supermarket,store,point_of_interest,food,establishment"
ChIJoeqKxRRZ4joRXz2BLfokofw,Cargills Food City - Staple Street,6.920249900000001,79.85575,"WVC4+488, 21 Staple St, Colombo",4.3,1705.0,"supermarket,grocery_or_supermarket,store,point_of_interest,food,establishment"
ChIJJ6anLc5Z4joR6rFYTTQDQro,Cargills Food Hall & Supermarket - Colombo City Centre,6.9173853,79.8555804,"No 137, Lower Ground floor, Sir James Pieris Mawatha, Colombo",4.1,260.0,"grocery_or_supermarket,store,point_of_interest,food,establishment"
ChIJGYTYZs1b4joRLLFU-mRdEk0,Cargills Food City - Jawatta,6.8950131,79.8667754,"60 Jawatta Rd, Colombo",4.0,845.0,"supermarket,grocery_or_supermarket,store,point_of_interest,food,establishment"
ChIJ9RKzhyZb4joRbJydKPNFgkk,Cargills Food City - Ratmalana,6.8275834,79.8691235,"137, Mount City Building, Galle Rd, Colombo",4.0,586.0,"supermarket,grocery_or_supermarket,store,point_of_interest,food,establishment"
ChIJmaUcqHxb4joR-EYJoF0zsus,Cargills Food City - Mt. Lavinia 02,6.844351,79.8660256,"158, Galle Road, Dehiwala-Mount Lavinia, Colombo",4.2,125.0,"supermarket,grocery_or_supermarket,store,point_of_interest,food,establishment"
ChIJN3HAEQBb4joRe_aF_OOSZgc,Cargills Food City WELLAWATTA 2,6.87652,79.8603499,"Mosque Bus Stop, 50 Galle Rd, Colombo",5.0,1.0,"supermarket,grocery_or_supermarket,store,point_of_interest,food,establishment"
ChIJGYTYZs1b4joREBY0JF01Emk,Cargills Food City - Colombo 05,6.8878131,79.8729997,"213 Park Rd, Colombo",3.8,1107.0,"supermarket,grocery_or_supermarket,store,point_of_interest,food,establishment"
ChIJVUSxiqhb4joRXTLiUuytJyc,Cargills Food City - Dehiwala,6.8589452,79.8646893,"65 A, A2, Dehiwala-Mount Lavinia",3.7,934.0,"grocery_or_supermarket,supermarket,store,point_of_interest,food,establishment"
ChIJfQ5tl7dZ4joRYAAHLXn9WaM,Cargills Food City - Ananda Coomarasamy Mawatha,6.911835099999999,79.854643,"62 Ananda Coomaraswamy Mawatha, Colombo",4.3,123.0,"grocery_or_supermarket,store,point_of_interest,food,establishment"
ChIJJ_g6ePhb4joRWBIiybwRBYY,Cargills Food City - Saranankara Rd.,6.8730999,79.8710428,"Sri Saranankara Road, Dehiwala Road, Dehiwala-Mount Lavinia",4.1,342.0,"grocery_or_supermarket,store,point_of_interest,food,establishment"
ChIJrWpJDK9b4joRR68ce2wYV28,Cargills Food City - Wellawatta,6.871126899999999,79.8618809,"256 3-B/1, Moor Road Galle Road",3.9,865.0,"supermarket,grocery_or_supermarket,store,point_of_interest,food,establishment"
ChIJmbRNlw5Z4joRWrbxH7KAteY,Cargills Food City - Maradana,6.9257675,79.86711849999999,"585 Maradana Rd, Colombo",3.9,962.0,"supermarket,grocery_or_supermarket,store,point_of_interest,food,establishment"
ChIJAfusa3RZ4joRJ0Z4mVz5iXA,Cargills Food City - Ward Place,6.916004999999999,79.8701681,"48 Ward Pl, Colombo",4.1,1299.0,"supermarket,grocery_or_supermarket,store,point_of_interest,food,establishment"
ChIJZxz7vsRb4joRlMpxjhU-OD8,Cargills Food City - Dickman's Road,6.8866714,79.8588934,"15 Dickmans Rd, Colombo",4.0,557.0,"supermarket,grocery_or_supermarket,store,point_of_interest,food,establishment"
ChIJmQimBtFb4joRAr4i8SWMYkM,Cargills Food City - Thimbirigasyaya,6.8909943,79.8665037,"90 Thimbirigasyaya Rd, Colombo",3.6,267.0,"supermarket,shopping_mall,grocery_or_supermarket,store,point_of_interest,food,establishment"
ChIJyyebFOJZ4joRMwHuYwn1LeY,Cargills Food City- YMCA,6.934607799999999,79.8457588,"39 Sir Razik Fareed Mawatha, Colombo",4.3,92.0,"supermarket,grocery_or_supermarket,store,point_of_interest,food,establishment"
ChIJ-arfY95b4joRx1sSbGm91tg,Cargills Food City - Majestic City,6.894133,79.8546004,"Majestic City, 10 Station Rd, Colombo",3.9,342.0,"supermarket,grocery_or_supermarket,store,point_of_interest,food,establishment"
ChIJ9wkumuZb4joRcjNdA9Iwkpg,Cargills Food City - Pamankada (W.A. Silva Mawatha),6.877097,79.8680957,"189 1/1 First Floor, W.A. Silva Mawatha, Colombo",4.2,277.0,"supermarket,grocery_or_supermarket,food,store,point_of_interest,establishment"
ChIJB7QWVtJZ4joRN2vP0acMZ6k,Cargills Food City - Torrington Square,6.9016987,79.8685023,"New Building, No. Slbc Independance Square, Colombo",4.0,117.0,"grocery_or_supermarket,food,store,point_of_interest,establishment"
ChIJfaQEpWBZ4joRRC6CVjuy4aI,Cargills Food City - Kollupitiya,6.902797899999999,79.852628,"No. 407 Galle Rd, Colombo",3.9,385.0,"supermarket,grocery_or_supermarket,food,store,point_of_interest,establishment"
ChIJcSfFS3BZ4joRwT--zDOCj-Q,Cargills Food City Express,6.9114743,79.8649743,"75 Dr CWW Kannangara Mawatha, Colombo",4.1,476.0,"supermarket,grocery_or_supermarket,food,store,point_of_interest,establishment"
ChIJNdeYFQJb4joR5AGzUTQdZ9k,Cargills Food City - Karagampitiya,6.849980599999999,79.8731349,"176 Dehiwala-Maharagama Rd, Dehiwala-Mount Lavinia",3.9,556.0,"supermarket,grocery_or_supermarket,food,store,point_of_interest,establishment"
ChIJH1rSWLlb4joRwIFn2SZV98Q,Cargills Food City - Bauddhaloka Mawatha,6.896239599999999,79.8582368,"Bauddhaloka Mawatha, Colombo",4.3,142.0,"grocery_or_supermarket,food,store,point_of_interest,establishment"
ChIJ1662-ctb4joReb15yR-8zSI,Cargills Food City Express - Havelock Town,6.882496499999999,79.8696021,"323 Havelock Rd, Colombo",4.1,179.0,"supermarket,grocery_or_supermarket,food,store,point_of_interest,establishment"
ChIJuf9txuVZ4joRRyt8vANnuMw,Cargills Food City - Kollupitiya 2,6.9097406,79.8504303,"271 A2, Colombo",4.2,498.0,"supermarket,grocery_or_supermarket,food,store,point_of_interest,establishment"
ChIJiT8s3Q1Z4joRnvIio39F2jc,Cargills Food City Express - Deans Road,6.924589099999999,79.8649143,"No: 153 Abeygoonaratne Mawatha, Colombo",3.9,496.0,"supermarket,grocery_or_supermarket,food,store,point_of_interest,establishment"
ChIJKWJUIZRZ4joRXRqicHL0abE,Cargills Food City - Kompannavidiya,6.9255871,79.8494609,Colombo,4.1,71.0,"grocery_or_supermarket,food,store,point_of_interest,establishment"
ChIJCw3VpRpZ4joRVP15C07045M,Cargills Food City Express - Maradana,6.930625999999999,79.86243499999999,"205 Maradana Rd, Colombo",4.0,127.0,"supermarket,grocery_or_supermarket,food,store,point_of_interest,establishment"
ChIJ7Yh0rA1Z4joRiI7bcqZHkjk,Cargills Food City - Norris Canal,6.9223832,79.8659455,"25 Norris Canal Rd, Colombo",3.9,594.0,"supermarket,grocery_or_supermarket,food,store,point_of_interest,establishment"
ChIJJ8tHURNZ4joRMmIoQcL8w_o,Cargills Food City Express On 320,6.919187,79.8592468,"320 Union Pl, Colombo",4.2,18.0,"supermarket,grocery_or_supermarket,food,store,point_of_interest,establishment"
ChIJJUlZWN5b4joREPjZZ0MxFTQ,Cargills Food City Express - IOC Fuel Station,6.894869799999999,79.85487549999999,"Galle Rd, Colombo",4.4,37.0,"supermarket,grocery_or_supermarket,food,store,point_of_interest,establishment"
ChIJqZWZIdVZ4joRilkIsob0M4M,Cargills Food City Express - Maligawatta,6.934709199999999,79.86743539999999,"83 Maligawatta Pl, Colombo",3.7,92.0,"supermarket,grocery_or_supermarket,food,store,point_of_interest,establishment"
ChIJffoBZeBb4joRlA60VZw2vJI,Cargills Food City - Marine City,6.8509933,79.8625996,"46 Station Road, Dehiwala-Mount Lavinia",3.7,48.0,"grocery_or_supermarket,food,store,point_of_interest,establishment"
ChIJWzldtyxb4joRjF2oEWfc3J0,Cargills Food City Express - Station Rd,6.8146356,79.86773529999999,"24 Sri Gnanendra Rd, Colombo",4.0,115.0,"supermarket,grocery_or_supermarket,food,store,point_of_interest,establishment"
ChIJLw5BJE1b4joRQv0sWnxqKbw,Cargills Food Hall -Havelock City Mall,6.882587099999999,79.8681683,"Havelock City, Havelock Rd, Colombo",3.1,38.0,"grocery_or_supermarket,food,store,point_of_interest,establishment"
ChIJTwWByDtZ4joRZ-yC88UEwe4,Cargills Express - Wijerama Mawatha,6.9121849,79.8707781,"33 Wijerama Mawatha, Colombo",4.4,88.0,"supermarket,grocery_or_supermarket,food,store,point_of_interest,establishment"
ChIJUW_XmyZZ4joRjUkgvd8Jr0E,Cargills (Ceylon) PLC,6.9356673,79.8447204,"40 York St, Colombo",4.1,1249.0,"grocery_or_supermarket,food,store,point_of_interest,establishment"
ChIJsfIZ2hJF4joRlMvbVBw3img,Cargills Food City - Rawathawatta,6.7911107,79.8865371,"491, Galle Road, Andiriss Mawatha Moratuwa, Colombo, Moratuwa",4.4,715.0,"supermarket,grocery_or_supermarket,food,store,point_of_interest,establishment"
ChIJSdM-b5BZ4joReIscY2oVUjc,Cargills Food City - Cotta Road,6.911473399999999,79.88667699999999,"260 Dr NM Perera Mawatha Rd, Colombo",3.9,965.0,"supermarket,pharmacy,grocery_or_supermarket,health,food,store,point_of_interest,establishment"
ChIJb2G72kFa4joRWmPHtsB4NiA,Cargills Food City - Stanley Tillekarathne Mawatha,6.874745,79.89604489999999,"Stanley Thilakarathna Mawatha, Nugegoda",4.1,425.0,"supermarket,pharmacy,grocery_or_supermarket,health,food,store,point_of_interest,establishment"
ChIJbybLwThb4joRgngTKawxdm8,Cargills Food City Wijerama 02,6.857045299999999,79.9100866,"High Level Rd, Nugegoda",4.3,640.0,"supermarket,grocery_or_supermarket,food,store,point_of_interest,establishment"
ChIJnYv7jfxQ4joRL5PU4-juYFk,Cargills Food City Pannipitiya,6.866789199999999,79.9595131,"VX85+MRW, Thalawathugoda Road Vidyala Junction, Hokandara",3.8,239.0,"supermarket,grocery_or_supermarket,food,store,point_of_interest,establishment"
ChIJL3LLSm1Q4joRQ8KmHCW1jBs,Cargills Food City Express Godigamuwa,6.836494399999999,79.9317509,"No 263, Piliyandala Road, Maharagama",4.2,330.0,"supermarket,grocery_or_supermarket,food,store,point_of_interest,establishment"
ChIJQ_stnkxQ4joRlqEgrxdzpuQ,Cargills Food City - Kottawa 1,6.840717199999999,79.9670005,"867 High Level Rd, Pannipitiya",4.1,668.0,"supermarket,grocery_or_supermarket,food,store,point_of_interest,establishment"
ChIJjz-GaKpa4joRidt2kqu-1v4,Cargills Food City,6.818419899999999,79.9180511,"No. 201/1A, Bokundara Bokundara",4.0,821.0,"supermarket,grocery_or_supermarket,food,store,point_of_interest,establishment"
ChIJkSR1qbFF4joRI5XQZ_zSRWA,Cargills Food City - Borupana,6.813337199999999,79.8889825,"No. 69/1 Borupana Rd, Colombo",4.1,536.0,"supermarket,grocery_or_supermarket,food,store,point_of_interest,establishment"
ChIJbS2aU6VQ4joR81tlmm-5VPE,Cargills Food City - Pelawatte,6.8880308,79.93040069999999,"419, Pannipitiya Rd, Thalangama South Pelawatta",4.2,1318.0,"supermarket,grocery_or_supermarket,food,store,point_of_interest,establishment"
ChIJsUGQzjpa4joRH36Us2n9nPs,Cargills Food City - Nawala,6.888018799999999,79.8875461,"264 B470, Sri Jayawardenepura Kotte",4.0,1267.0,"supermarket,grocery_or_supermarket,food,store,point_of_interest,establishment"
ChIJVVVVFeJP4joRU3z27Ya7erQ,Cargills Food City Express - Makuluduwa,6.8137628,79.9360363,"Cargills Food City Express, Piliyandala",4.2,213.0,"supermarket,grocery_or_supermarket,food,store,point_of_interest,establishment"
ChIJsQ6T9PJZ4joR60kAGoRq02E,Cargills Food City - Rajagiriya 02,6.908323299999999,79.8993481,"395, Sri Jayawardanapura Mw, Welikada Terrace, Rajagiriya",4.3,1726.0,"supermarket,grocery_or_supermarket,food,store,point_of_interest,establishment"
ChIJ_eFob-Ja4joRjW_em7Rt-a8,Cargills Food City,6.8433537,79.8754931,"Kawdana Gardens, Dehiwala-Mount Lavinia",3.9,569.0,"supermarket,grocery_or_supermarket,food,store,point_of_interest,establishment"
ChIJjzzXWEBJ4joRZ83_RjJbxoI,Cargills Food City - Bandaragama 01,6.7133726,79.9880845,"A8, Bandaragama",4.0,521.0,"supermarket,grocery_or_supermarket,food,store,point_of_interest,establishment"
ChIJPfPP6XBQ4joRtVpfvVLxHMM,Cargills Food City - Maharagama 1,6.845314699999999,79.9265791,"75 B94, Maharagama",4.1,2781.0,"supermarket,grocery_or_supermarket,food,store,point_of_interest,establishment"
ChIJGdjr3bxa4joRgdC-zPd_aag,Cargills Food City,6.8329309,79.9067499,"Horana Rd, Boralesgamuwa",4.1,261.0,"grocery_or_supermarket,food,store,point_of_interest,establishment"
ChIJ07i3omta4joRxXz74N2El1s,Cargills Food City - Mirihana,6.8749141,79.9009095,"VWG2+29F, 108, Jubilie Post, Jubile Post Roundabout, Nugegoda",4.0,704.0,"supermarket,grocery_or_supermarket,food,store,point_of_interest,establishment"
ChIJ4dgfhw1I4joRaCqqtC7IzFs,Cargills Food City Wadduwa 02,6.6607194,79.9325789,"No.685, A2, Wadduwa",4.3,682.0,"supermarket,grocery_or_supermarket,food,store,point_of_interest,establishment"
ChIJaSz1rVhF4joRLwRwe1y8HI0,Cargills Food City - Piliyandala 02,6.799733799999999,79.9187836,"Moratuwa - Piliyandala Rd, Piliyandala",4.2,483.0,"supermarket,grocery_or_supermarket,food,store,point_of_interest,establishment"
ChIJ_3AjhNZR4joRaJEqrB9NvJM,Cargills Food City Express -Mattegoda,6.819178699999999,79.9701434,"No. 146, 83 Salmal Pedesa",3.9,539.0,"supermarket,grocery_or_supermarket,food,store,point_of_interest,establishment"
ChIJ46FjJ0FQ4joR782kzkznjLY,Cargills Food City - Arawwala,6.8304258,79.93488529999999,"675/1 Arawwala Rd, Pannipitiya",4.1,745.0,"supermarket,grocery_or_supermarket,food,store,point_of_interest,establishment"
ChIJWwtxqIxP4joRVWakjTnCoqI,Cargills Food City - Kolamunna,6.7934283,79.92498189999999,"QWQF+WC7, 20 Madapatha Rd, Piliyandala",4.2,535.0,"supermarket,grocery_or_supermarket,food,store,point_of_interest,establishment"
ChIJK8y_dZRQ4joRbxnHrWvV_Po,Cargills Food City - Thalawathugoda,6.8734761,79.9380019,"205/S, Pannipitiya Rd",4.2,750.0,"supermarket,grocery_or_supermarket,food,store,point_of_interest,establishment"
ChIJ41n2O-Za4joRKho9dtHwb5c,Cargills Food City - Attidiya,6.839159899999999,79.8846341,"208 B389, Dehiwala-Mount Lavinia",4.1,425.0,"supermarket,grocery_or_supermarket,food,store,point_of_interest,establishment"
ChIJu-iwMLdZ4joReclU4AXh37k,Cargills Food City - Kolonnawa,6.9325777,79.8919617,"Urban Council Premises, Kolonnawa, Wellampitiya Kolonnawa Road, 17c Keppetipola Mawatha, Sri Jayawardenepura Kotte",4.1,861.0,"supermarket,grocery_or_supermarket,food,store,point_of_interest,establishment"
ChIJE9G3IutF4joRmqYsxrE6Gf0,Cargills Food City,6.7087004,79.907889,"No.29 Colombo Main Rd, පානදුර",4.0,119.0,"supermarket,grocery_or_supermarket,food,store,point_of_interest,establishment"
ChIJgeqvz5Ba4joRVcilfsWSX7A,Cargills Food City Express - Pirivena Junction,6.841719500000001,79.9065257,"No: 567,Pirivena Junction, Maharagama Rd, Boralesgamuwa",4.2,294.0,"supermarket,grocery_or_supermarket,food,store,point_of_interest,establishment"
ChIJkxz_OUVQ4joRQe5nijgkoRc,Cargills Food City Express Pannipitiya,6.8467217,79.95118529999999,"Pannipitiya Old Rd, Pannipitiya",4.0,407.0,"supermarket,grocery_or_supermarket,food,store,point_of_interest,establishment"
ChIJ-b4edPVQ4joRFJdsZtZ1sUY,Cargills Food City Express - Depanama,6.858817999999999,79.94415219999999,"No 205, Borella Road, Pannipitiya",4.0,379.0,"supermarket,convenience_store,grocery_or_supermarket,food,store,point_of_interest,establishment"
ChIJ3arpTAZF4joRHQR4SyTi4L8,Cargills Food City Express - Moratumulla,6.788089200000001,79.8956669,"No. 151, Main street, Moratuwa, Moratuwa",3.9,272.0,"supermarket,grocery_or_supermarket,food,store,point_of_interest,establishment"
ChIJbaOpEtZP4joRAtjaXOZRVyw,Cargills Food City Express - Siddamulla,6.8147515,79.95781579999999,"No: 77, Sangarama Road",4.1,443.0,"supermarket,grocery_or_supermarket,food,store,point_of_interest,establishment"
ChIJD3vssfdZ4joRkzyak6O3UHg,Cargills Food City - Ethul Kotte,6.9012664,79.90583029999999,"No.906 Kotte Rd, Sri Jayawardenepura Kotte",4.1,1015.0,"supermarket,grocery_or_supermarket,food,store,point_of_interest,establishment"
ChIJEe8qh5JZ4joRtZ7R3oNcKwY,Cargills Food City (Express) - Rajagiriya,6.910106600000001,79.8942646,"349 Cotta Rd, Sri Jayawardenepura Kotte",4.0,972.0,"supermarket,grocery_or_supermarket,food,store,point_of_interest,establishment"
ChIJcx49fgBR4joRk-643HrpJwQ,Cargills Food City - Depanama,6.8549374,79.94543519999999,"VW3W+W6Q, 100 Boralla Rd, Pannipitiya",5.0,3.0,"grocery_or_supermarket,food,store,point_of_interest,establishment"
ChIJT93Fy1FX4joRV6WLQNBKlRA,"Cargills Food City - Koswatta 2, කාර්ගිල්ස් - කොස්වත්ත",6.9070808,79.9300057,Sri Jayawardenepura Kotte,4.2,1335.0,"supermarket,grocery_or_supermarket,food,store,point_of_interest,establishment"
ChIJYUC2qNtW4joRBacZ3PfXwiE,Cargills Food City - Welivita,6.914682,79.972061,"No 162/7, Ratna Building, New Kandy Rd, Weliwita Junction, Malabe",3.8,727.0,"supermarket,grocery_or_supermarket,food,store,point_of_interest,establishment"
ChIJWw_jSJdb4joRO4joW7A7MLM,Cargills Food City - Ratmalana 02,6.8186735,79.87436389999999,"417 Galle Rd, Colombo",4.0,150.0,"grocery_or_supermarket,food,store,point_of_interest,establishment"
ChIJTbSRamha4joRYAx0Qqfpbvg,Cargills Food City - Kattiya Junction,6.8688994,79.8984586,"Nugegoda Flyover, Nugegoda",4.2,537.0,"supermarket,grocery_or_supermarket,food,store,point_of_interest,establishment"
ChIJVVVVVZGv4zoRuRpiABxnoco,Cargills Food City -Eheliyagoda,6.8550379,80.2602177,"Main Street, Eheliyagoda",4.0,419.0,"supermarket,grocery_or_supermarket,food,store,point_of_interest,establishment"
ChIJLXSM_Qy_4zoRGtBqKuTKlFA,Cargills Food City - Rathnapura 1,6.6791445,80.40212029999999,"Municipal Commercial Complex, Colombo - Batticaloa Hwy, Ratnapura",4.1,913.0,"supermarket,grocery_or_supermarket,food,store,point_of_interest,establishment"
ChIJhWXm0XKb4zoRPdCr4z5aTXQ,Cargills Food City and pharmacy - Hatton,6.892834499999999,80.5973033,"171 Dimbulla Rd, Hatton",3.9,404.0,"supermarket,grocery_or_supermarket,food,store,point_of_interest,establishment"
ChIJX_elTNC_4zoRR-AumrJTE2M,Cargills Food City Rathnapura 3,6.6987769,80.3910526,"M9XR+GC7, Ratnapura",4.1,403.0,"supermarket,grocery_or_supermarket,food,store,point_of_interest,establishment"
ChIJQ2Cxfuym4zoRjF-Hz_lUsYw,Cargills Food City Express - Deraniyagala,6.9280621,80.33772479999999,"No. 58, Dehiowita Road, Deraniyagala",4.1,181.0,"supermarket,grocery_or_supermarket,food,store,point_of_interest,establishment"
ChIJa8TwYvqz4zoRpEZJhZaRQSM,Cargills Food City - Ingiriya - කාර්ගීල්ස් ඉංගිරිය,6.7436862,80.177191,"Ratnapura Road, Ingiriya",4.0,164.0,"grocery_or_supermarket,food,store,point_of_interest,establishment"
ChIJY0awo3zr4zoRDFS0JCeai0Y,Cargills Food City - Pelmadulla,6.6255812,80.5387446,115 Pelmadulla,4.1,504.0,"supermarket,grocery_or_supermarket,food,store,point_of_interest,establishment"
ChIJ7_VNWHi84zoR207Q-3M40Ns,Cargills Food City Express - Kuruwita,6.7740263,80.3676322,"No. 96, Main Road, Kuruwita",4.1,263.0,"supermarket,grocery_or_supermarket,food,store,point_of_interest,establishment"
ChIJZ2-pSw6_4zoRcJHWUTcMfxI,Cargills Food City - Rathnapura 02,6.6845374,80.4008102,"MCM2+R87, Ratnapura",4.0,156.0,"grocery_or_supermarket,food,store,point_of_interest,establishment"
ChIJyzD63_1v5DoR7KDODVLODnA,Cargills Food City - Bandarawela 1,6.8310001,80.9885619,"7 Welimada Rd, Bandarawela",4.2,727.0,"supermarket,grocery_or_supermarket,food,store,point_of_interest,establishment"
ChIJuSxmKS1v5DoRZGr5rdv4D-E,Cargills Food City - Bandarawela 2,6.8298077,80.9941178,"393 Bandarawela By Pass Rd, Bandarawela",4.2,869.0,"supermarket,grocery_or_supermarket,food,store,point_of_interest,establishment"
ChIJ9zRlcUfz4zoRRlb3eUkyvSM,Cargills Food City - Balangoda,6.6477908,80.70027619999999,"157 Old Road, Balangoda",4.2,909.0,"supermarket,grocery_or_supermarket,food,store,point_of_interest,establishment"
ChIJlSOhr15l5DoR9_E8-xuny9k,Cargills Food City - Bandarawela 3,6.8414476,81.004211,"R2R3+MQ2, B51, Bandarawela",4.2,408.0,"supermarket,grocery_or_supermarket,food,store,point_of_interest,establishment"
ChIJPcP-K-l75DoRdXPaGvaoFuU,Cargills Food City - Welimada,6.903517,80.91281,"11 Peradeniya-Badulla-Chenkaladi Hwy, Welimada",4.1,407.0,"supermarket,grocery_or_supermarket,food,store,point_of_interest,establishment"
ChIJHw36iAJ35DoREOzZplZssNI,Cargills Foodcity Express - Haldummulla,6.7628589,80.8880441,Colombo - Ratnapura - Wellawaya - Batticaloa Rd,4.4,130.0,"supermarket,grocery_or_supermarket,food,store,point_of_interest,establishment"
ChIJRw5G48Nx5DoR_0HZOgeSnTU,Chandra Food City (With opposite parking),6.768800199999999,80.96018289999999,"QX96+G3G, Haputale - Dambetenne, Haputale",4.1,7.0,"grocery_or_supermarket,food,store,point_of_interest,establishment"
ChIJzQYXDwBl5DoRyttvabHLvIM,Cargills Food City,6.8751244,81.0481935,"V2GX+27V, Ella",5.0,2.0,"supermarket,grocery_or_supermarket,food,store,point_of_interest,establishment"
ChIJ-fPoiLxr5DoRBqZiLHg94Dk,Cargills Food City - Wellawaya,6.731288999999999,81.1019688,"No. 32 Hambanthota Road, Wellawaya",4.2,582.0,"supermarket,grocery_or_supermarket,food,store,point_of_interest,establishment"
ChIJ5ecmATZD5DoR8acsrPQ3w-Q,Cargills Food City (Express) - Buttala,6.7601416,81.2463839,"Q66W+2H4, Buttala",4.2,269.0,"supermarket,grocery_or_supermarket,food,store,point_of_interest,establishment"
ChIJxRNyz3FQ5DoRP9P3crqlZp0,Cargills Food City - Monaragala,6.8712998,81.35009079999999,Monaragala,4.2,412.0,"supermarket,grocery_or_supermarket,food,store,point_of_interest,establishment"
ChIJnx8C8rZl5DoRDRccOVz4_QY,Ella Super,6.8727864,81.0499986,"39 Passara Rd, Ambagollapathana",4.0,290.0,"supermarket,grocery_or_supermarket,food,store,point_of_interest,establishment"
ChIJXULXsMtv5DoRq5jrA40CY88,Cargills Square - Bandarawela,6.8310567,80.9884178,"7 Welimada Rd, Bandarawela",4.5,34.0,"shopping_mall,point_of_interest,establishment"
ChIJ1-oDAgBv5DoRTu4JnqlEKzU,Q-Dine Pizza Hub - Cargills Square,6.8310394,80.9884292,"RXJQ+C96, Welimada Rd, Bandarawela",3.5,2.0,"restaurant,food,point_of_interest,establishment"
ChIJr5iW1wRv5DoRZDHm1-g95dM,KKP Food City,6.8309088,80.9895143,"RXJQ+9R2, main street, Bandarawela",,,"grocery_or_supermarket,food,store,point_of_interest,establishment"
ChIJhRor4-ai5ToRqwybsVJcQS8,Cargills Food City - Pottuvil,6.875396299999999,81.8299428,"Kaleej, Front Building, Main Street, Pottuvil",4.1,440.0,"supermarket,grocery_or_supermarket,store,food,point_of_interest,establishment"
ChIJWWMhR_xY4joRvEV7cXzMdlw,Cargills Food City - Grandpass,6.9443525,79.8670694,"No. 130/C, Layard's Broadway, Granpass, Colombo 14, 130 Layard's Broadway, Colombo",3.8,729.0,"supermarket,grocery_or_supermarket,food,store,point_of_interest,establishment"
ChIJ7wXXtOVY4joROQZwLR4-HSs,Cargills Food City - Kotahena,6.948634299999999,79.8594693,"108 George R. De Silva Mawatha, Colombo",3.9,901.0,"supermarket,grocery_or_supermarket,food,store,point_of_interest,establishment"
ChIJ99pdP07p4joRQE9Epom33Rc,Cargills Food City (Express) - Lewis Place,7.244563500000001,79.8422552,"63 Porutota Rd, Negombo",4.1,246.0,"supermarket,grocery_or_supermarket,food,store,point_of_interest,establishment"
ChIJy0iXybfu4joR6gGRVrMMpQ8,Cargills Food City Express - Dalupotha,7.229472199999999,79.8508879,"6VH2+Q9J, Negombo",4.0,220.0,"supermarket,grocery_or_supermarket,store,point_of_interest,food,establishment"
ChIJWwaQ5Jbu4joRnqS8dY9bZfI,Cargills Food City - Negombo 1,7.2129155,79.8441532,"355 Main St, Negombo",4.0,523.0,"supermarket,grocery_or_supermarket,store,point_of_interest,food,establishment"
ChIJQRb8PjZZ4joRlGppYJT5h4o,Cargills Food City - Aluthkade,6.940123499999999,79.86479039999999,"169 Srimath Bandaranayake Mawatha, Colombo",4.0,112.0,"grocery_or_supermarket,store,point_of_interest,food,establishment"
ChIJ0cs55j_v4joRxWAMgpePCOU,Cargills Food City - Negombo 4,7.1993923,79.8566697,Negombo,4.3,104.0,"supermarket,grocery_or_supermarket,store,point_of_interest,food,establishment"
ChIJvbG-mJLu4joRgibwHu2nsQ4,Cargills Food City - Negombo 2,7.206300799999999,79.8506682,"266 Negombo - Colombo Main Rd, Negombo",4.1,328.0,"supermarket,grocery_or_supermarket,store,point_of_interest,food,establishment"
ChIJjYx4ugvv4joRqNzPCMr3oRA,Cargills Food City - Kurana,7.178387599999999,79.8620433,"1, 3701 M 1 L, 677 Negombo Rd, Katunayake",4.3,451.0,"supermarket,grocery_or_supermarket,store,point_of_interest,food,establishment"
ChIJT22grpru4joR2CPk70JdEY0,Cargills Food City Express - Greens Road,7.206067799999999,79.84044949999999,"No.138, 140 Greens Rd, Negombo",3.9,166.0,"supermarket,grocery_or_supermarket,store,point_of_interest,food,establishment"
ChIJCzDzr9Lx4joRBdzLtXp3-n4,Cargills Food City - Seeduwa 1,7.1433257,79.8737724,"673 Negombo Rd, Seeduwa",4.0,758.0,"supermarket,grocery_or_supermarket,food,store,point_of_interest,establishment"
ChIJo0T6VMPu4joRfDKA-vCiCu4,Cargills Food City Express - Y Junction,7.2220095,79.8631944,"297/1, Meerigama Road Mahahunupitiya",4.1,299.0,"supermarket,grocery_or_supermarket,food,store,point_of_interest,establishment"
ChIJ3zrAEufv4joRbqhPximRVBw,Cargills Food City - Negombo 3,7.217203500000001,79.84552269999999,"1 Puttalam - Colombo Rd, Negombo",4.4,133.0,"grocery_or_supermarket,food,store,point_of_interest,establishment"
ChIJA3_DaDrx4joR7H2-_5Lqkgk,Cargills Food City Express - Bopitiya,7.0797886,79.8596587,"No. 1 Pamunugama Rd, Bopitiya",4.0,226.0,"supermarket,grocery_or_supermarket,food,store,point_of_interest,establishment"
ChIJ71yjmRbp4joR_4tfTk1Pz6Q,Cargills Food City - Kochchikade,7.2626215,79.8573451,"7V75+423, 37 මීගමුව පාර, Negombo",4.1,357.0,"supermarket,grocery_or_supermarket,food,store,point_of_interest,establishment"
ChIJX2oxsBFZ4joRpceCU5vZ3tc,Cargills Food City Seeduwa 02,6.9270786,79.861243,"No.245, Colombo Road Seduwa",4.7,3.0,"supermarket,grocery_or_supermarket,food,store,point_of_interest,establishment"
ChIJg2oDHwBb4joRNPlGiHpH09o,Cargills Food City Express - Isipathana Mawatha,6.896713399999999,79.8634584,"Henry Play Ground, No. 149 A/1, 5 Colombo 5, Colombo",3.8,4.0,"grocery_or_supermarket,food,store,point_of_interest,establishment"
ChIJNU--F7dX4joRpIFXSvj0N70,Cargills Food City - Kothalawala,6.920122,79.97402509999999,"No. No 314/3,316/A, 316 New Kandy Rd, Colombo",4.0,346.0,"supermarket,grocery_or_supermarket,food,store,point_of_interest,establishment"
ChIJ3x0K-mb44joRYZkPWCpFu8w,Cargills Food City - Kadawatha,7.003150900000001,79.95604949999999,"453 Kandy Rd, Kadawatha",4.0,534.0,"supermarket,grocery_or_supermarket,food,store,point_of_interest,establishment"
ChIJv1l9WGj44joRfbyVtTr1h5s,Cargills Food City - Kadawatha 3,7.0035737,79.95084709999999,"2X32+C8Q, Kadawatha",4.1,542.0,"supermarket,grocery_or_supermarket,food,store,point_of_interest,establishment"
ChIJQXynwvNW4joRgcpVRmPGqS4,Cargills Food City - Kaduwela 1,6.937002199999999,79.979978,"125A, AB10, Kaduwela",4.1,709.0,"supermarket,grocery_or_supermarket,food,store,point_of_interest,establishment"
ChIJt5w2SYtW4joRYv6bDAiaDZI,Cargills Food City - Bandarawatte,6.9393214,79.98696679999999,"160/9A, New Kandy Road, Bandarawatte, Biyagama",4.0,240.0,"supermarket,grocery_or_supermarket,store,point_of_interest,food,establishment"
ChIJz5vjV9ZZ4joRMzql8Jn7Cp0,Cargills Food City - Kotikawatta,6.9346362,79.9164694,"250, B231, Kotikawatta",4.2,594.0,"supermarket,grocery_or_supermarket,store,point_of_interest,food,establishment"
ChIJox1pjT_34joRp4VL2e_XKCY,Cargills Food City- Kandana,7.0494669,79.8958911,"Negombo Rd, Kandana",4.2,2194.0,"supermarket,pharmacy,grocery_or_supermarket,store,health,point_of_interest,food,establishment"
ChIJkUvgp2VT4joR6GO-4uJEkPo,Cargills Foodcity Meepe,6.8585927,80.09093179999999,"S, Padukka",4.2,500.0,"supermarket,grocery_or_supermarket,store,point_of_interest,food,establishment"
ChIJD1hHxuBQ4joRG5kwVqu4N7E,Cargills Food City,6.8779168,79.9592263,Sri Jayawardenepura Kotte,4.3,463.0,"supermarket,grocery_or_supermarket,store,point_of_interest,food,establishment"
ChIJ6QlMCvr44joRCOO3sfoZL9c,Cargills Food City Express - Ranmuthugala,7.0175579,79.97086449999999,"2X9C+297, Kandy - Colombo Rd, Eldeniya",3.9,502.0,"supermarket,grocery_or_supermarket,store,point_of_interest,food,establishment"
ChIJPXM1UHXl4joR0iCDuVBSO8U,Cargills Food City - Minuwangoda 2,7.1707259,79.95027619999999,"74 B208, Minuwangoda",4.1,292.0,"supermarket,grocery_or_supermarket,store,point_of_interest,food,establishment"
ChIJT_3DRzFX4joRSRdK0U2jmx0,Cargills Food City - Thalahena,6.907203099999999,79.9457147,"No. 723, Thalahena",3.9,720.0,"supermarket,grocery_or_supermarket,store,point_of_interest,food,establishment"
ChIJ62yke0vw4joRHX7DJ3CFWAY,Cargills Food City - Seeduwa 2,7.127174399999999,79.8768125,"4VGG+VPV, Seeduwa",4.1,325.0,"supermarket,grocery_or_supermarket,store,point_of_interest,food,establishment"
ChIJhSbuyuAb4zoRzv3ivq-2-qU,Cargills Food City Express - Ambepussa,7.239090399999999,80.2080106,"365 Colombo Road, Ambepussa",4.0,395.0,"supermarket,grocery_or_supermarket,store,point_of_interest,food,establishment"
ChIJeU4CZoxX4joROjPrvB4cTjo,Cargills Food City - Himbutana,6.9228443,79.9402329,"WWFR+43Q, Colombo",4.0,491.0,"grocery_or_supermarket,store,point_of_interest,food,establishment"
ChIJe5cHj3NX4joRPi6K2BqprCg,Cargills Food City Express - Mulleriyawa,6.936796299999999,79.9380264,"Galwana Junction, Orugodawatte - Ambatale Rd",4.0,295.0,"supermarket,grocery_or_supermarket,store,food,point_of_interest,establishment"
ChIJwxt2KWn44joR0PQ5zyHqmNo,Cargills Food City - Kadawatha2,7.0003604,79.94822599999999,"317 Kandy Rd, Kadawatha",4.0,475.0,"supermarket,grocery_or_supermarket,store,food,point_of_interest,establishment"
ChIJ4wbLt_9Z4joRRRztEuIVX8Y,Cargills Food City - Battaramulla,6.9018828,79.9177806,"103 Main St, Battaramulla",4.0,550.0,"supermarket,grocery_or_supermarket,store,food,point_of_interest,establishment"
ChIJkcNh0OL34joR_vCmhQ-N90k,Cargills Food City Express - Hunupitiya,6.9845561,79.9019146,"No 58, Diulapitiya Road, Wattala",3.9,221.0,"supermarket,grocery_or_supermarket,store,food,point_of_interest,establishment"
ChIJNwgNfTBY4joRi_vhVMuCHFU,Cargills Food City - Pethiyagoda,6.951871100000001,79.9052452,"16 Biyagama Rd, Pethiyagoda",4.0,452.0,"supermarket,grocery_or_supermarket,store,food,point_of_interest,establishment"
ChIJITl1VK3x4joR_XfYhyq5TSk,Cargills Food City - Raddolugama,7.1376202,79.8997217,"4VQX+2VX, Katunayake",4.2,307.0,"supermarket,grocery_or_supermarket,store,food,point_of_interest,establishment"
ChIJH5xGXCxX4joRCytzzrdfnh8,Cargills Food City,6.9035167,79.95679229999999,"290 Kaduwela Rd, Malabe",3.9,40.0,"supermarket,grocery_or_supermarket,store,food,point_of_interest,establishment"
ChIJZWzoHuVZ4joRWZlP6Pcg9ZU,Cargills Food City - Kotikawatta 2,6.9384934,79.91587849999999,"198 Kohilawatte Rd, Kotikawatta",4.4,221.0,"supermarket,grocery_or_supermarket,store,food,point_of_interest,establishment"
ChIJVWNxitj34joRJoKUqGLgoQo,Cargills Food City - Wattala 1,6.984894799999999,79.8885652,"XVPQ+279 Food City Shopping Complex, 315 Negombo Rd, Wattala",3.9,762.0,"supermarket,grocery_or_supermarket,store,food,point_of_interest,establishment"
ChIJOUPWcjcd4zoRY1KIuYj8e9E,Cargills Food City - Pilimathalawa 1,7.265174600000001,80.55788489999999,"178 A1, Pilimathalawa",4.2,685.0,"supermarket,grocery_or_supermarket,store,point_of_interest,food,establishment"
ChIJdwdS6XVo4zoRZSRcOKg4qKA,Cargills Food City - Katugastota - 1,7.3142426,80.6316397,"8J7J+JMQ, 271 A Katugastota Rd, Kandy",4.0,667.0,"supermarket,grocery_or_supermarket,store,point_of_interest,food,establishment"
ChIJMxSq6Stm4zoRaMW0LdIKU3A,Cargills Food City - Kandy,7.2928776,80.63710569999999,"3 Ward St, Kandy",4.2,1555.0,"supermarket,grocery_or_supermarket,store,point_of_interest,food,establishment"
ChIJF9nRcedx4zoRE8tJOZzpt3E,Cargills Food City - Gampola 1,7.160625599999999,80.565185,"8/8, Kandy Rd, Gampola",4.0,634.0,"supermarket,grocery_or_supermarket,store,point_of_interest,food,establishment"
ChIJtWSkzQb94joRChqYg08VS1Y,Cargills Food City - Mawanella,7.252876499999999,80.4490639,"22/C Kandy - Colombo Rd, Mawanella",4.2,1113.0,"supermarket,grocery_or_supermarket,store,point_of_interest,food,establishment"
ChIJcTuA0Jeq4zoRSehuolOKQWw,Cargills Food City Express - Pugoda,6.9762412,80.1210424,"Hanwella Jct Rd, Pugoda",4.1,103.0,"supermarket,grocery_or_supermarket,store,point_of_interest,food,establishment"
ChIJKZe14sNo4zoRLA80amN-4hg,Cargills Food City - Getambe,7.2707766,80.60480830000002,"No. 496, Peradeniya",4.1,1280.0,"supermarket,grocery_or_supermarket,store,point_of_interest,food,establishment"
ChIJEQZC5qCp4zoRk6-z5Hm95nY,Cargills Food City - Avissawella 1,6.9504129,80.2137781,"91 Ratnapura Road, Avissawella",4.0,796.0,"supermarket,grocery_or_supermarket,store,point_of_interest,food,establishment"
ChIJla661Whv4zoRvEu4u86E7GQ,Cargills Food city Express - Galaha Road,7.243984299999999,80.598511,"Peradeniya-Deltota-Rikiligaskada Rd, Hindagala",4.1,229.0,"supermarket,grocery_or_supermarket,store,point_of_interest,food,establishment"
ChIJuYl9TtGf4zoREanAH-JqqRQ,Cargills Food City (Express) - Ginigathhena,6.990589099999999,80.4932486,"නුවර පාර, Ginigathhena",3.9,199.0,"supermarket,grocery_or_supermarket,store,point_of_interest,food,establishment"
ChIJIaIGxO0b4zoRej1i6VGmVpE,Cargills Food City - Warakapola,7.228562399999999,80.20039980000001,"97 Kandy Rd, Warakapola",4.0,708.0,"supermarket,liquor_store,grocery_or_supermarket,store,point_of_interest,food,establishment"
ChIJS6UU9soW4zoRbPXbqAEFDWg,Cargills Food City - Kegalle 2,7.2511459,80.3419131,"123 Nidahas Mawata, Kegalle",4.2,506.0,"supermarket,grocery_or_supermarket,store,point_of_interest,food,establishment"
ChIJD8dOYiN04zoRrkVbE8Vvybk,Cargills Food City - Nawalapitiya,7.055834699999999,80.53449239999999,"51 Kandy Rd, Nawalapitiya",3.9,552.0,"supermarket,grocery_or_supermarket,store,point_of_interest,food,establishment"
ChIJaSI0httr4zoRbXlwyMDjkX0,Cargills Food City Pilimathalawa 02,7.2641379,80.5497498,"Kandy - Colombo Rd, Pilimathalawa",4.2,734.0,"supermarket,grocery_or_supermarket,store,point_of_interest,food,establishment"
ChIJNZ0O4bMW4zoRzJHgbuDvu4A,Cargills Food City - Kegalle 1,7.253946399999998,80.3502343,"449/1 Kandy - Colombo Rd, Kegalle",4.2,487.0,"supermarket,grocery_or_supermarket,store,point_of_interest,food,establishment"
ChIJFdDox1794joRNsHmBLPrdAg,Cargills Food City Nittambuwa,7.1414823,80.0939824,"89 A1, Nittambuwa",4.0,334.0,"supermarket,grocery_or_supermarket,store,point_of_interest,food,establishment"
ChIJwX1ZfroB4zoRZ3knW8hf434,Cargills Food City Express,7.042025199999999,80.12884509999999,"No.111, Radawana Road, Kirindiwela",4.2,184.0,"supermarket,grocery_or_supermarket,store,point_of_interest,food,establishment"
ChIJ08vGLHsD4zoReqGmF3nEIsw,Cargills Food City Express - Urapola,7.097990299999999,80.1445165,"34XV+5RR, Urapola",4.2,150.0,"grocery_or_supermarket,food,store,point_of_interest,establishment"
ChIJsbaWSnce4zoRhaklyWzovBs,Cargills Food City,7.249465000000001,80.1306742,"93 Pasyala - Giriulla Rd, Mirigama",4.0,783.0,"supermarket,grocery_or_supermarket,food,store,point_of_interest,establishment"
ChIJ-ZILKE4B4zoRz7MQb5ITwT8,Cargills Food City Kirindiwela,7.0403062,80.1317396,33 Hanwella - Kirindiwela - Urapola Rd,4.5,163.0,"supermarket,grocery_or_supermarket,food,store,point_of_interest,establishment"
ChIJB1yE1a-p4zoRwOo71KUSwKY,Cargills Food City - Express Talduwa,6.9590765,80.2235468,Talduwa,4.2,253.0,"grocery_or_supermarket,food,store,point_of_interest,establishment"
ChIJrSbBENho4zoRSMCtBpErEXA,Cargills Food City Express - Eriyagama,7.265313499999999,80.58924329999999,"7H8Q+4MH, Colombo Road",4.1,699.0,"grocery_or_supermarket,food,store,point_of_interest,establishment"
ChIJfWYxu8kV4zoRUeCIl2KsREs,Cargills Food City Express - Pinnawala,7.299304500000001,80.3861958,"No -563, Kegalle - Rambukkana Rd, Rambukkana",4.2,71.0,"supermarket,grocery_or_supermarket,food,store,point_of_interest,establishment"
ChIJZ0VeCgir4zoRnTpNkpZjo5Q,Cargills Food City,6.941729199999999,80.1373675,"Railway Station, Kosgama",4.1,251.0,"supermarket,grocery_or_supermarket,food,store,point_of_interest,establishment"
ChIJ22RiIEgG4zoRTC8fIqU2i8E,Cargills Food City Express - Ruwanwella,7.0432097,80.2542775,"No. 114, Main Street, Ruwanwella",4.0,416.0,"supermarket,grocery_or_supermarket,food,store,point_of_interest,establishment"
ChIJeT03feAF4zoR8m3LhzqxiXI,Cargills Food City Express - Kannattota,7.0825713,80.2719157,"10 Main St, Kannaththota",4.4,55.0,"supermarket,grocery_or_supermarket,food,store,point_of_interest,establishment"
ChIJvx0qxwVv4zoRowIhceFqyrg,Cargills Food City Express - Gelioya,7.217772099999999,80.59756279999999,"6H9X+649, Peradeniya Rd, Gelioya",3.9,307.0,"supermarket,grocery_or_supermarket,food,store,point_of_interest,establishment"
ChIJ79UFOyVv4zoRbunV52Ww5jk,Cargills Food City - Angunawala,7.240998800000001,80.59309789999999,"6HRV+97P, Angunawala",4.5,168.0,"grocery_or_supermarket,food,store,point_of_interest,establishment"
ChIJ8whEulYY4zoRoXtpNMBD2ws,Cargills Food City Express - Alawwa 1,7.295231,80.2368113,"151, Road, Giriulla, Alawwa - Maharagama Rd, Alawwa",4.0,240.0,"supermarket,pharmacy,grocery_or_supermarket,health,food,store,point_of_interest,establishment"
ChIJ49qQrDgd4zoRYDlrQtGGvGE,Cargills Food City,7.167824,80.12370779999999,"549F+4FG, Pasyala",4.1,233.0,"grocery_or_supermarket,food,store,point_of_interest,establishment"
ChIJTcu1THup4zoRrss4mdEJy94,Cargills Food City Express - Puwakpitiya,6.9373602,80.1941552,"402,404,392/E,Colombo Road, Avissawella",4.2,291.0,"supermarket,grocery_or_supermarket,food,store,point_of_interest,establishment"
ChIJpU8GAwBp4zoRqt8rTJo_iG8,Cargills Food City Kiribathkumbura,7.266661899999999,80.5821181,"7H8J+JR2, Kandy - Colombo Rd, Iriyagama",4.3,30.0,"grocery_or_supermarket,food,store,point_of_interest,establishment"
ChIJsaA06IIP4zoRMYN-xwZkig8,Cargills Food City Express - Kotiyakumbura,7.121460099999999,80.2864768,Kotiyakumbura,4.0,195.0,"grocery_or_supermarket,food,store,point_of_interest,establishment"
ChIJ-yJ3WLkZ4zoRn3h6rA0Yns4,Cargills Food City Express - Alawwa 2,7.2912161,80.2380754,"76RQ+C9H, A6 Variyagoda, Alawwa",4.3,119.0,"grocery_or_supermarket,food,store,point_of_interest,establishment"
ChIJvyw7xk8J4zoRLVlP7FNDI88,Cargills Food City (Express) Yatiyantota,7.0307743,80.294685,"27JV+8V2, Yatiyanthota",4.2,141.0,"supermarket,grocery_or_supermarket,food,store,point_of_interest,establishment"
ChIJ2QllsFj94joR5hJPKpHIwio,Cargills Food Express Wathupitiwala,7.142939999999999,80.0974141,"392 Aththanagalla Rd, Wathupitiwala",4.0,60.0,"supermarket,grocery_or_supermarket,food,store,point_of_interest,establishment"
ChIJSXVSrAEf4zoRvAX4pfDdzAA,Cargills Food City Express - Kandalama,7.2722875,80.1375679,No 10,4.3,28.0,"grocery_or_supermarket,store,point_of_interest,food,establishment"
ChIJVVVVVVYT4zoRr3K49QFuGOk,Cargills Food City Express - Rambukkana,7.248083800000001,80.4464808,"No 57, Mawanella Road, Rambukkana",4.7,9.0,"supermarket,grocery_or_supermarket,store,point_of_interest,food,establishment"
ChIJiUUG1xAP4zoR05cbz44pUUQ,Cargills Food City Express Bulathkohupitiya,7.1031936,80.3351818,"NO 67A Avissawella Rd, Bulathkohupitiya",4.4,56.0,"grocery_or_supermarket,store,point_of_interest,food,establishment"
ChIJP4N3wo8C4zoRlNTqY-fR1Pg,Cagills Food City Express - Wathupitiwala,7.125753,80.1107936,"44G6+883, Attanagala, Nittambuwa - Ruwanwella Rd, Attanagala",4.0,344.0,"supermarket,grocery_or_supermarket,store,point_of_interest,food,establishment"
ChIJ8ek-dUlV4joRrbh0F41mjJ0,Cargills Foodcity Express - Giridara,6.948774,80.0949658,"W3XV+GXF, Giridara Bus Stop, Dompe - Pugoda Road, Giridara Junction",4.3,48.0,"grocery_or_supermarket,store,point_of_interest,food,establishment"
ChIJm_PKBWSp4zoReq5Xqfxt1T4,Cargills Food City - Avissawella 2,6.9470148,80.1986618,"No: 240A, Colombo Road, Kiriwandala, Avissawella",4.3,165.0,"supermarket,grocery_or_supermarket,store,point_of_interest,food,establishment"
ChIJi82IBABx4zoRT4Bb1dDb87Y,Cargills Food City - Gampola 2,7.164911300000001,80.5747497,"36 Illawatura Rd, Gampola",4.8,5.0,"grocery_or_supermarket,store,point_of_interest,food,establishment"
ChIJ17ujsrSB4zoRno-pgaa9mD4,Cargills Food City - Nuwaraeliya,6.9759955,80.7656988,"90 Kandy Road, Kandy",4.1,3458.0,"supermarket,grocery_or_supermarket,food,store,point_of_interest,establishment"
ChIJt4scYctm4zoR9Wi5M7mDou4,Cargill's Food City - Pallekele,7.282842,80.7197114,"No. 396, Balagolla",4.1,481.0,"supermarket,grocery_or_supermarket,shopping_mall,food,store,point_of_interest,establishment"
ChIJ8TgocW9m4zoRa0_H_HmDcDY,Cargills Food City - Ampitiya,7.269100099999999,80.66483649999999,710 B/1 Pallegama N,4.0,320.0,"supermarket,grocery_or_supermarket,food,store,point_of_interest,establishment"
ChIJI9a3_F5m4zoRzHQFjYf0EL4,Cargills Food City - Kundasale,7.2802929,80.6740597,"7MJF+4J7, A26, Nattarampota",4.1,722.0,"supermarket,grocery_or_supermarket,food,store,point_of_interest,establishment"
ChIJGScnbyZh4zoR97zC3n8U8Oo,Cargills Food City Express - Digana,7.295005999999999,80.7344557,"Methsiripaya, New Town, Rajawella, Digana",3.8,448.0,"supermarket,grocery_or_supermarket,food,store,point_of_interest,establishment"
ChIJgXbqge194zoRPIjjAQnAXfw,Cargills Food City express Rikillagaskada,7.1451977,80.7852707,"54 Dimbulkumbura Road, Rikillagaskada",4.3,126.0,"supermarket,grocery_or_supermarket,food,store,point_of_interest,establishment"
ChIJUW7YP4hn4zoRcNhyKbwD_gs,Cargills Food City - Lewella,7.2989022,80.65066720000002,"185 Dharmashoka Mawatha, Kandy",4.2,292.0,"supermarket,grocery_or_supermarket,store,point_of_interest,food,establishment"
ChIJEczscohh4zoRu2fJmW67Kxg,Cargills Food City Express - Theldeniya,7.3118813,80.76286019999999,"8Q67+Q5C, Mahanuwara - Mahiyanganaya, Road, Teldeniya",4.3,104.0,"grocery_or_supermarket,store,point_of_interest,food,establishment"
ChIJ4fqzOD5n4zoR_0VfUWCHKe0,Cargills Food City Express - Manikhinna,7.3164178,80.7006454,"No. 31, Kandy Rd, Menikhinna",3.9,315.0,"supermarket,pharmacy,grocery_or_supermarket,store,health,point_of_interest,food,establishment"
ChIJx3SraRZi5DoRXETQDRf8yGE,Cargills Food City - Badulla 1,6.988121899999999,81.0603083,"18, Dharmaduta Road, 18 Dharmadutha Road, Badulla",4.2,926.0,"supermarket,grocery_or_supermarket,store,point_of_interest,food,establishment"
ChIJHdTqzQtj5DoRB-amQWekQB8,Cargills Food City - Badulla 2,6.9899703,81.0519533,"X3R2+3PP, Badulla",4.4,162.0,"supermarket,grocery_or_supermarket,store,point_of_interest,food,establishment"
ChIJ3aWUSWBj5DoR1rx-5MxGe5E,Cargills Food City (Express) - Badulla,6.998595799999999,81.056859,"X3X4+CPM, Badulla, North",4.2,157.0,"supermarket,grocery_or_supermarket,store,point_of_interest,food,establishment"
ChIJeehcHADz5DoRFU98A1CHc9c,Cargills Food City - Bibile,7.164442799999999,81.2258985,"567G+Q9C, Peradeniya-Badulla-Chenkaladi Hwy, Bibile",4.6,36.0,"supermarket,grocery_or_supermarket,store,point_of_interest,food,establishment"
ChIJr6ssre4Z5ToRyt3hipCuR94,Cargills Food City - Ampara,7.291442,81.67530169999999,"7MVG+934, Reegal Cinama Nidahas Mawatha, Cinema Rd, Ampara",4.2,401.0,"supermarket,grocery_or_supermarket,store,food,point_of_interest,establishment"
ChIJ3bZpQNkS5ToRiPmdi4tYJz4,Cargills Food City - Akkareipattu,7.2312752,81.85095319999999,"143/B1 Akkaraipattu - Kalmunai Rd, Akkaraipattu",4.2,304.0,"supermarket,grocery_or_supermarket,food,store,point_of_interest,establishment"
ChIJ5UCrrsYT5ToRjYy6FIk79Hk,Khalid Food City,7.238443600000001,81.85304049999999,"6VQ3+96G, Addalaichenai",3.7,3.0,"grocery_or_supermarket,food,store,point_of_interest,establishment"
ChIJB-qzNXnE4joRUuphc5WQHPA,Cargills Food City Nattandiya,7.4125498,79.8687504,"CV79+2G2, Nattandiya",3.9,176.0,"grocery_or_supermarket,food,store,point_of_interest,establishment"
ChIJN9h9z9fL4joRAGQuf0iUoUQ,Cargills Food City - Chilaw 1,7.5787515,79.7939434,"1 Jetty St, Chilaw",4.1,456.0,"supermarket,grocery_or_supermarket,food,store,point_of_interest,establishment"
ChIJ3fX3syLC4joRvShDIWKw6SE,Cargills Food City - Wennappuwa,7.3451354,79.8405366,"8RWR+363, 25/2 Chilaw - Colombo Main Rd, Wennappuwa",4.1,367.0,"supermarket,grocery_or_supermarket,food,store,point_of_interest,establishment"
ChIJGa89omXJ4joR2JMUzCaaxTk,Cargills Food City - Chilaw 2,7.5689382,79.79895789999999,"98 Chilaw - Colombo Main Rd, Chilaw",4.1,578.0,"supermarket,grocery_or_supermarket,food,store,point_of_interest,establishment"
ChIJ99Nob1fP4joRjoE6g1rnXoQ,Cargills Food City Express Madampe.,7.497027699999999,79.84014119999999,"No. 33, Station Road, Madampe",4.0,145.0,"supermarket,grocery_or_supermarket,food,store,point_of_interest,establishment"
ChIJiw-FYgLE4joR9IdZRXGrJ54,Cargills Food City - Marawila,7.4157972,79.830433,"65 Chilaw - Colombo Main Rd, Marawila",4.0,296.0,"supermarket,grocery_or_supermarket,food,store,point_of_interest,establishment"
ChIJjbc7dh3D4joRStsOkrYmAiE,Cargills Food City - Wennappuwa 2,7.3338437,79.84440529999999,"8RMV+GQJ, Wennappuwa",4.2,268.0,"supermarket,grocery_or_supermarket,food,store,point_of_interest,establishment"
ChIJKbMk19TD4joRoRgFJXcy-E0,Cargills Food City Express - Katuneriya,7.3657634,79.8328148,"St. Anthonies Building, Chilaw Rd, Katuneriya",3.9,141.0,"supermarket,grocery_or_supermarket,food,store,point_of_interest,establishment"
ChIJFUab88TL4joRCwYyRTVPQdM,Cargills Food City - Chilaw 3,7.582891900000001,79.7966177,"92 Puttalam - Colombo Rd, Chilaw",4.0,21.0,"grocery_or_supermarket,food,store,point_of_interest,establishment"
ChIJB9YofgDH4joRZ-l2P6DVr-k,Cargills Foodcity Express - Mahawewa,7.459056,79.8259692,"FR5G+J9H, Mahawewa",4.3,3.0,"grocery_or_supermarket,food,store,point_of_interest,establishment"
ChIJa_cXQ-7p4joRl9JDQK7ZNuk,Cargills Food City Express - Bolawatta,7.2905455,79.8524174,"7VR3+355, Waikkal",4.3,23.0,"grocery_or_supermarket,food,store,point_of_interest,establishment"
ChIJ4TytYjXj4joRjMmGr2CGAOM,Cargills Food City Express Naiwala Juncton,7.158647,80.0312163,"Naiwala Roundabout, Veyangoda",4.0,412.0,"supermarket,grocery_or_supermarket,store,point_of_interest,food,establishment"
ChIJk1rS_Bfk4joR1A8EI_-Llmk,Cargills Food City Express - Marandagahamula,7.2296321,79.9866422,"89 Negombo - Mirigama Rd, Marandagahamula",4.0,196.0,"supermarket,grocery_or_supermarket,store,point_of_interest,food,establishment"
ChIJ9TAV9W0k4zoRBPK__qtiClA,Cargills Food City - Narammala,7.427257999999999,80.2140717,"No. 161 Negombo Rd, Narammala",4.1,818.0,"supermarket,grocery_or_supermarket,store,point_of_interest,food,establishment"
ChIJZZQ5jMrv4joRUeXOd9FHVoA,Cargills Food City - Katunayaka,7.163455000000001,79.8833557,"36 Baseline Rd, Katunayake",4.2,419.0,"grocery_or_supermarket,store,point_of_interest,food,establishment"
ChIJj-51LADl4joRL8tJXTNiitM,Cargills Foodcity Express - Dunagaha,7.2312398,79.973236,"6XJF+F7W, No 79 - C Negombo - Mirigama Rd, Dunagaha",5.0,3.0,"supermarket,grocery_or_supermarket,store,point_of_interest,food,establishment"
ChIJ-49eZKDv4joRJy3iw6ceWCg,Cargills Food City (Express) - Miriswatta,7.2309063,79.9083493,"6WJ5+975, Miriswatte",4.3,57.0,"grocery_or_supermarket,store,point_of_interest,food,establishment"
ChIJGevX95nv4joR_zh_rOFgeto,Cargills Food City Express - Andiambalama,7.1867065,79.9024865,"No. No. 223 D, Minuwangoda Rd",4.0,209.0,"supermarket,grocery_or_supermarket,food,store,point_of_interest,establishment"
ChIJ82Lzxh3e4joRPru1d2Hq1iE,Cargills Food City - Pannala,7.3290475,80.0245968,"33 B356, Pannala",4.0,512.0,"supermarket,grocery_or_supermarket,food,store,point_of_interest,establishment"
ChIJ2QUH8Tnl4joRzdqYBFRvfqo,Cargills Food City - Minuwangoda.,7.166388899999999,79.9467343,"Cargills Building, Minuwangoda",4.0,276.0,"grocery_or_supermarket,food,store,point_of_interest,establishment"
ChIJ0zh-BfLj4joRSd2zkJ_on0U,Cargills Food City Express - Divulapitiya,7.223770399999999,80.018295,Divulapitiya,3.9,350.0,"supermarket,grocery_or_supermarket,food,store,point_of_interest,establishment"
ChIJPWLUd7st4zoRT7KvujUXOOU,Cargills Food City - Wariyapola,7.618042399999998,80.2479312,Wariyapola,4.2,495.0,"grocery_or_supermarket,food,store,point_of_interest,establishment"
ChIJS2ieGEno4joRovi0KMWh4DM,Cargills Food City - Dankotuwa,7.298172000000001,79.882278,"35, 37 Natthandiya Road, Dankotuwa",4.0,377.0,"supermarket,grocery_or_supermarket,food,store,point_of_interest,establishment"
ChIJ9UCBMLfZ4joRSyMltkmJYL8,Cargills Food City - Kuliyapitiya 1,7.4728724,80.0444109,"183 Hettipola Rd, Kuliyapitiya",3.9,532.0,"supermarket,grocery_or_supermarket,food,store,point_of_interest,establishment"
ChIJy8h8KUzv4joRkqB-PYY_nAU,Cargills Food City Express - Kimbulapitiya,7.206406500000001,79.8951635,"6V4W+H3M, Kimbulapitiya West, Kimbulapitiya",4.0,51.0,"supermarket,grocery_or_supermarket,food,store,point_of_interest,establishment"
ChIJb0Fk6uHp4joRqk0bNUULjCc,Cargills Food City Express - Katana,7.2544824,79.9129682,"95 Negombo - Giriulla Rd, Katana",4.5,73.0,"supermarket,grocery_or_supermarket,food,store,point_of_interest,establishment"
ChIJwcpE2cfv4joRe2R6JDEeZqo,Cargills Food City Express - Bandaranaike International Airport,7.173369,79.8861574,"5VFP+8FV, Canada Friendship Rd, Katunayake",4.2,45.0,"grocery_or_supermarket,food,store,point_of_interest,establishment"
ChIJk_fqOBzZ4joR5pOkfFv-Cnk,Cargills Food City - Kuliyapitiya 2,7.4687036,80.0341414,"F29M+FMJ, Kuliyapitiya",4.4,350.0,"grocery_or_supermarket,store,food,point_of_interest,establishment"
ChIJ400aggto4zoRoDFLiJgPFTs,Cargills Food City - Katugastota 2,7.321245200000001,80.6274966,"452 Katugastota Rd, Katugastota",4.2,1103.0,"supermarket,pharmacy,health,grocery_or_supermarket,store,food,point_of_interest,establishment"
ChIJDUDAi8RC4zoRs6vM0b6nbFU,Cargills Food City - Akurana,7.369337499999999,80.617334,"281 Matale Rd, Akurana",4.0,426.0,"supermarket,grocery_or_supermarket,store,food,point_of_interest,establishment"
ChIJIUIx2_c54zoRwV5F9tPPYUE,Cargills Food City - Kurunegala 1,7.488451700000001,80.36065529999999,"44 Negombo Rd, Kurunegala",4.2,965.0,"supermarket,grocery_or_supermarket,store,food,point_of_interest,establishment"
ChIJFXY92vc54zoRLpo17LPH3Qo,Cargills Food City - Kurunegala 02,7.492658899999999,80.3663558,"103 Dambulla Rd, Kurunegala",4.1,429.0,"supermarket,convenience_store,grocery_or_supermarket,store,food,point_of_interest,establishment"
ChIJHZ9MRC9F4zoRMM_2UzGX7pU,Cargills Food City - Matale 1,7.474261800000001,80.6225225,"99 A, King Street, No. 95 Kandy Rd, Matale",4.1,627.0,"supermarket,grocery_or_supermarket,store,food,point_of_interest,establishment"
ChIJAQAAAP9C4zoRVmMl_x5CKEs,Cargills Food City Express - Poojapitiya,7.381315700000001,80.5867707,"1/C, No 6, Owissa Road, Poojapitiya",4.3,190.0,"supermarket,grocery_or_supermarket,store,food,point_of_interest,establishment"
ChIJwwaETAdL4zoR85oZqEb2VCU,Cargills Food City Express - Melsiripura,7.6378951,80.5051505,"JGP4+W3P, Dambulla Rd, Melsiripura",4.0,249.0,"supermarket,grocery_or_supermarket,store,food,point_of_interest,establishment"
ChIJ8cHSjZBB4zoR3mB9KEgRV4k,Cargills Food City Express Galagedara,7.3727606,80.5244948,Galagedara,3.9,198.0,"supermarket,grocery_or_supermarket,store,food,point_of_interest,establishment"
ChIJ0RWmTa034zoRTITySqO5hGs,Cargills Food City Express-2 Ibbagamuwa,7.542539,80.44560299999999,"No 183 Udawela, Dehelgamuwa, Ibbagamuwa",4.2,178.0,"grocery_or_supermarket,store,food,point_of_interest,establishment"
ChIJ3fGLmyQ64zoR79bq5yfhSi4,Cargills Food City - Kurunegala 3,7.477999199999999,80.3566403,"Colombo Road, Kurunegala",4.2,618.0,"supermarket,grocery_or_supermarket,store,food,point_of_interest,establishment"
ChIJfcBqhNQ34zoRzc_Ghk2Qty4,Cargills Food City Express - Ibbagamuwa,7.547703599999999,80.44975869999999,"No. 5, Dambulla Rd, Ibbagamuwa",4.0,458.0,"supermarket,grocery_or_supermarket,store,food,point_of_interest,establishment"
ChIJGUQoTqc54zoRM_vAdAYQLwQ,Cargills Food City - Kurunegala 4,7.4763179,80.378989,"F9GH+GHH, Theliyagonna",4.4,164.0,"supermarket,grocery_or_supermarket,store,food,point_of_interest,establishment"
ChIJj1U0Qdxp4zoRNw_mBN_9y_A,Cargills Food City Express - Aladeniya,7.3316449,80.5699376,"8HJ9+MX3, Katugastota-Kurunegala-Puttalam Hwy, Aladeniya",4.0,250.0,"grocery_or_supermarket,store,food,point_of_interest,establishment"
ChIJ7Rs429dE4zoRHItQw6DhtC8,Cargills Food City - Matale 2,7.4803619,80.6234812,"No. 666 A9, Matale",4.1,426.0,"supermarket,grocery_or_supermarket,store,food,point_of_interest,establishment"
ChIJ49QAAcUT4zoR-hMVHfP1vfU,Cargills Food City - Rambukkana,7.321590199999999,80.3900845,"44 Station Road, Rambukkana",4.3,93.0,"supermarket,grocery_or_supermarket,store,food,point_of_interest,establishment"
ChIJpdQwy-E74zoRR0AcH5gbGD0,Cargills Food City Yanthampalawa - Express,7.493573700000001,80.3478478,"225 B82, Kurunegala",4.4,101.0,"supermarket,grocery_or_supermarket,store,food,point_of_interest,establishment"
ChIJB6sr9AFT4zoR6AFlRh5e72E,Cargills food city Express - Madawala Ulpotha,7.6091153,80.6359272,"JJ5P+J9V, Madawala Ulpotha",4.4,136.0,"grocery_or_supermarket,store,food,point_of_interest,establishment"
ChIJjTg29ChF4zoRfzSqhtcysqA,Cargills Food City Express,7.470932800000001,80.62324199999999,"No. 1, 15 Rose St, Matale",4.0,267.0,"supermarket,grocery_or_supermarket,store,food,point_of_interest,establishment"
ChIJo1C3xoJF4zoRlLfBzGXzQ_I,Cargills Food City - Matale 03,7.4583637,80.6282093,"FJ5H+793, Matale",4.4,217.0,"grocery_or_supermarket,store,food,point_of_interest,establishment"
ChIJT7QGx5EV4zoRLCqSVPdOvOQ,Cargills Food City Express - Rambukkana,7.323112699999999,80.39563919999999,"89FW+67R, Katupitiya Road, Rambukkana",4.2,87.0,"supermarket,grocery_or_supermarket,store,food,point_of_interest,establishment"
ChIJoSie9RA14zoRL9wRDQ_TpBk,Cargills Food City Express - Hiripitiya,7.65491,80.3708267,"Shantec, B300, 66 Kurunegala Rd",4.2,62.0,"grocery_or_supermarket,store,food,point_of_interest,establishment"
ChIJs1R18dpP4zoRi0HyIcXd0a0,Cargill's Food City Express - Palapathwela,7.5300546,80.6260748,"GJJG+2CG, Kandy Rd, Palapathwela",4.3,194.0,"grocery_or_supermarket,food,store,point_of_interest,establishment"
ChIJ____D-xC4zoRfaBWnHvPov8,Cargills Food City,7.3654715,80.6042434,Bamunupola,,,"supermarket,grocery_or_supermarket,food,store,point_of_interest,establishment"
ChIJs1my62A94zoRqQef26QHeRg,Cargills Food City Express - Polgahawela,7.336713800000001,80.30060139999999,"Colombo Road, Ambepussa - Kurunegala - Trincomalee Hwy, Polgahawela",4.1,343.0,"supermarket,grocery_or_supermarket,food,store,point_of_interest,establishment"
ChIJT7nS4WZp4zoRPwbzuesg9G4,Cargills Food City Nugawela,7.327371599999999,80.5950278,"Kurunegala road, Nugawela",4.6,85.0,"supermarket,grocery_or_supermarket,food,store,point_of_interest,establishment"
ChIJVQUbV_A74zoROr-RZmeR9jg,Cargils Food City Express - Piduruwella,7.467707799999999,80.3040391,"Piduruwella Clock Tower, B27, Kurunegala",4.2,78.0,"supermarket,grocery_or_supermarket,food,store,point_of_interest,establishment"
ChIJT1HY9x454zoR19UpFzrmQMI,Cargills Food City - Mawathagama,7.4357292,80.4410364,"CCMQ+CGG, Mawathagama",4.4,200.0,"grocery_or_supermarket,food,store,point_of_interest,establishment"
ChIJ_f54q0Y64zoRMDm1pU1W2Jk,Cargills Food City Express Malkaduwawa,7.477780699999999,80.33834019999999,"F8HQ+48G, Kurunegala",4.1,226.0,"grocery_or_supermarket,food,store,point_of_interest,establishment"
ChIJI42LKgA74zoRDBshGISX1Xo,Cargills Express Foodcity,7.4220457,80.32937179999999,"C8CH+RP9, Pothuhera",4.3,18.0,"supermarket,grocery_or_supermarket,food,store,point_of_interest,establishment"
ChIJ8cfFGfyX5DoRAUongPoQVak,Cargills Food City - Mahiyanganaya,7.3410752,80.9935645,"NO.113, Tile Factory Rd, Mahiyanaganaya",4.2,603.0,"supermarket,grocery_or_supermarket,food,store,point_of_interest,establishment"
ChIJq8S0fJxd4zoR7Kx72Gofs2A,Cargills Food City Express - Wattegama,7.3520072,80.6825173,"No. 31, Matale Rd, Wattegama",4.1,191.0,"supermarket,grocery_or_supermarket,store,food,point_of_interest,establishment"
ChIJWWluR5cz5ToRY9LmJGVZFbg,"Cargills Food City, Manchanthoduwai",7.688470999999999,81.72393439999999,"No. 488, New Kalmunai Road, Manchanthoduwaii, (Kathankudy) Kallady",4.1,402.0,"supermarket,grocery_or_supermarket,store,point_of_interest,food,establishment"
ChIJz9a3Eg0z5ToRU5HpP7BUYjo,Cargills Food City Express - Arayampathy,7.6739802,81.7328763,"71A Main St, East",4.4,39.0,"supermarket,grocery_or_supermarket,store,point_of_interest,food,establishment"
ChIJ8ZA5CAA55ToR1ZpoXSeP27k,Cargills Food city - Kaluwanchikudy,7.5204698,81.7881123,"Main Street, Kaluwanchikudy",4.7,15.0,"grocery_or_supermarket,store,point_of_interest,food,establishment"
ChIJT5A8E_gV5ToRO6jo2Z9LI3Y,Cargills Food City Express - Nintavur,7.3543776,81.8438204,"9R3V+PGP, Nintavur",4.4,47.0,"supermarket,grocery_or_supermarket,store,point_of_interest,food,establishment"
ChIJkdMLe4oV5ToR729Ntxn13z8,Cargills Food City Samanthurai,7.3633211,81.7977421,"9Q8W+5H9, Karativu-Ampara Hwy, Sammanthurai",4.1,237.0,"supermarket,grocery_or_supermarket,store,point_of_interest,food,establishment"
ChIJ1Q2kgq8_5ToRZXytE3E49zM,Cargills Food City - Kalmunai,7.4138036,81.8272638,"Main St, Sainthamaruthu",4.0,396.0,"supermarket,grocery_or_supermarket,store,point_of_interest,food,establishment"
ChIJ4WWEcAA_5ToRv7f677OCR-w,Cargills Food City Kalmunai,7.398427900000001,81.8327796,"9RXM+94F, Kalmunai",4.0,1.0,"supermarket,grocery_or_supermarket,store,point_of_interest,food,establishment"
ChIJW3SdJ7o_5ToRYmK7c6U8NLU,S.F.A SUPER MARKET,7.390351899999999,81.83539929999999,"502, Main Street Sainthamaruthu -16, Sainthamaruthu",3.7,31.0,"grocery_or_supermarket,store,point_of_interest,food,establishment"
ChIJOaGu_AwW_ToRgD4nlY5Zp0I,Cargills Food City - Puttalam,8.027273899999999,79.83770559999999,"97B Katugastota-Kurunegala, Puttalam Hwy, Puttalam",4.0,442.0,"supermarket,grocery_or_supermarket,food,store,point_of_interest,establishment"
ChIJ2466c9A5_ToRPa48LVtycRs,Cargills Food City,7.9102384,79.82352589999999,"101 Welusumanapura Rd, Madurankuli",4.2,79.0,"grocery_or_supermarket,food,store,point_of_interest,establishment"
ChIJn8l4Z-dr_ToRibdGWt5AZ-c,Cargills Food City - Express Norochcholai,8.048975,79.7373125,"2PXP+HWP, Kalpitiya Rd, Norochcholai",4.2,135.0,"supermarket,grocery_or_supermarket,food,store,point_of_interest,establishment"
ChIJ3VKIaH8m_ToRZBV4Ua3SrJg,Cargills Food City Express Anamaduwa,7.8792548,80.0095479,"V2H5+JPV, No 106, Puttalama Road, Katugastota-Kurunegala-Puttalam Hwy, Anamaduwa",4.0,175.0,"supermarket,grocery_or_supermarket,store,point_of_interest,food,establishment"
ChIJQbSO7mzb_DoR1y2fXIVlm9o,Cargills Foodcity express - Ambanpola,7.918425699999999,80.2399182,"5 Kurunegala Road, Ambanpola",4.2,57.0,"supermarket,grocery_or_supermarket,store,point_of_interest,food,establishment"
ChIJ5TnDo9qX_DoRLxNw3vM_Rok,Cargills Food City Express Kakirawa,8.040511799999999,80.5967379,"No 15, Malawa Village,Central Road, Kekirawa",4.2,231.0,"supermarket,grocery_or_supermarket,food,store,point_of_interest,establishment"
ChIJ3SS6FDbd_DoRW_wP66y7J1c,Cargills Food City (Express) - Galgamuwa,7.995601799999999,80.2700708,"37, Anuradhapura Road, Galgamuwa",4.1,243.0,"supermarket,grocery_or_supermarket,food,store,point_of_interest,establishment"
ChIJX61IoIGW_DoR3Ft6ZMbsa9Y,Cargills Food City - Ipalogama (Ranajayapura),8.0719119,80.5464811,"Ranajayapura Road, Ipalogama",4.2,84.0,"supermarket,grocery_or_supermarket,food,store,point_of_interest,establishment"
ChIJ2_-AfNyz_DoR0VH1AdHzKhY,Cargills Food City - Galewela,7.759345400000001,80.5709892,"No. 210, Kalawewa Junction, Galewala",4.1,408.0,"supermarket,grocery_or_supermarket,food,store,point_of_interest,establishment"
ChIJZRIoMx_J_DoR_sPXpWvhfJI,Cargills food city Express Polpithigama,7.815238699999999,80.4043131,"RC73+WM9, Polpithigama",4.4,12.0,"grocery_or_supermarket,food,store,point_of_interest,establishment"
ChIJQRXXtaGl_DoRfECLc0vNKs4,Cargills Food City - Dambulla 2,7.871088299999998,80.6487002,"VJCX+CFP, Dambulla",4.4,670.0,"supermarket,grocery_or_supermarket,food,store,point_of_interest,establishment"
ChIJJ0ibOz-l_DoRz0n1V382Qck,Cargills Food City - Dambulla 1,7.8782047,80.6503164,"643, Anuradhapura Road, Dambulla",4.1,1169.0,"supermarket,grocery_or_supermarket,food,store,point_of_interest,establishment"
ChIJ0TF_ynqf_DoRv1crezAd6GI,Cargills Food City Express - Habarana,8.0390462,80.75486459999999,"72 Ambepussa - Trincomalee Hwy, Habarana",4.2,648.0,"supermarket,grocery_or_supermarket,food,store,point_of_interest,establishment"
ChIJDdcqb_pd-zoRgnJuIUMhbtM,Cargills Food City Express - Jayanthipura,7.984494199999999,80.9668348,Maradankadawala-Habarana-Thirukkondaiadimadu Hwy,4.3,118.0,"supermarket,grocery_or_supermarket,food,store,point_of_interest,establishment"
ChIJS6BD3JhE-zoRbiE12pSyHfI,Cargills Food City - Polonnaruwa,7.942513599999999,81.01224549999999,"Maradankadawala-Habarana-Thirukkondaiadimadu Hwy, Polonnaruwa",4.3,562.0,"supermarket,grocery_or_supermarket,food,store,point_of_interest,establishment"
ChIJpzRjr86n_DoRiEO3IcdSLlw,Cargills Food City Express,7.873053999999999,80.77179699999999,"No 46, Main Street Moratumulla",3.9,49.0,"supermarket,grocery_or_supermarket,food,store,point_of_interest,establishment"
ChIJp0vEbHln-zoRgQyQHvEwbt8,Cargills Food City Express - Hingurakgoda,8.0426714,80.95502599999999,"2XV4+326, Airport Rd, Hingurakgoda",4.6,18.0,"grocery_or_supermarket,food,store,point_of_interest,establishment"
ChIJSwVOGnln-zoRYi_TESHRHEk,MAYURA FOODCITY AND TRADERS,8.0412252,80.95177149999999,"No 64, D.S Senanayake, Hingurakgoda",4.2,20.0,"supermarket,grocery_or_supermarket,food,store,point_of_interest,establishment"
ChIJlyO9gGBE-zoRNCUYddMtyHQ,Cargills Food City - Kaduruwela,7.928211999999998,81.0342228,"No. 896, Maradankadawala-Habarana-Thirukkondaiadimadu Hwy",4.1,534.0,"supermarket,grocery_or_supermarket,store,point_of_interest,food,establishment"
ChIJ6So_DwjU-joRietaWRLENbk,Cargills Food City - Eravur,7.777556199999999,81.6027014,"42,44, Main street, Eravur",4.2,358.0,"supermarket,grocery_or_supermarket,store,food,point_of_interest,establishment"
ChIJ0bLRbVfN-joRMccJPLP7K0A,Cargills Food City. - Batticaloa 1,7.7141492,81.69474699999999,"No. 67, St. Anthony's Street",4.2,455.0,"supermarket,grocery_or_supermarket,store,food,point_of_interest,establishment"
ChIJDb_YbFfN-joRTqWhyij_4LU,Cargills Food City,7.725822099999998,81.68989719999999,"PMGQ+8XC, Batticaloa",4.2,462.0,"supermarket,grocery_or_supermarket,store,food,point_of_interest,establishment"
ChIJ5fTGSY7Y-joRZo7E1IEGbDU,welcome food city,7.9260861,81.52993719999999,WGGH+CXM,4.2,120.0,"shopping_mall,point_of_interest,establishment"
ChIJlfOrw47Y-joRcx4TYVeNrfU,MMC Food City,7.923341499999999,81.5303086,AB38,3.9,134.0,"supermarket,grocery_or_supermarket,store,food,point_of_interest,establishment"
ChIJn3tGPizZ-joRURkHklWNXNc,Welcome food city,7.911542899999999,81.52851919999999,"963 Main St, Oddamavadi",4.4,19.0,"grocery_or_supermarket,store,food,point_of_interest,establishment"
ChIJCb4vN-j7_DoRLkU9ZAAo6-Y,Samanala Food City Express -Habarana,8.263014499999999,80.208702,"No. 72, Trincomalee Road, Habarana",4.2,35.0,"supermarket,grocery_or_supermarket,food,store,point_of_interest,establishment"
ChIJcVvY9Qn1_DoRNwPnwBMiMwU,Cargills Food City - Anuradhapura 2,8.3401949,80.4112621,"8CR6+3FG, Anuradhapura",4.3,1363.0,"supermarket,grocery_or_supermarket,store,point_of_interest,food,establishment"
ChIJp03-x6n1_DoRvhN9H0ls5zI,Cargills Food City - Anuradhapura 1,8.3316985,80.4091098,"248, Anuradhapura, Maithripala Senanayake Mawatha, Anuradhapura",4.1,1232.0,"supermarket,grocery_or_supermarket,store,point_of_interest,food,establishment"
ChIJ7xl5ENbv_DoRG27nU6RV3uI,Cargills Food City Express - Thambuttegama,8.158592,80.29813229999999,"575X+C7R Thammennagama, Tambuttegama",4.3,114.0,"supermarket,grocery_or_supermarket,store,point_of_interest,food,establishment"
ChIJA_QIM6J3-zoRcXLz7YkvAFE,Cargills Food City Express - Kanthale,8.3658889,81.0031439,"Clock Tower, අග්‍රබෝධි මාවත, Kantale",4.4,109.0,"supermarket,grocery_or_supermarket,store,food,point_of_interest,establishment"
ChIJbdMJAj6n-zoRJwgjxEzVFB0,Cargills Food City (Express) - Mutur,8.4559396,81.26090839999999,"Main Street, Mutur",4.0,28.0,"supermarket,grocery_or_supermarket,store,food,point_of_interest,establishment"
ChIJFdGcR9Zn_DoR3gFXG-gtz4o,Cargills Food City Express - Medawachchiya,8.5414834,80.4919316,"GFRR+HQV, Kandy - Jaffna Hwy, Medawachchiya",4.2,183.0,"supermarket,grocery_or_supermarket,store,point_of_interest,food,establishment"
ChIJI5tgFAIV_DoRnDyZW5t8928,Cargills Food City - Vavuniya,8.752324,80.4978186,"137 Kandy Rd, Vavuniya",4.2,844.0,"supermarket,grocery_or_supermarket,store,point_of_interest,food,establishment"
ChIJVWxU4csV_DoRG08Lnxvtb4k,Cargills Express,8.7627588,80.497655,"52 A9, Vavuniya",4.2,107.0,"supermarket,grocery_or_supermarket,store,point_of_interest,food,establishment"
ChIJPYQLxMC8-zoRA-CN-Wljz-c,Cargills Food City - Trincomalee,8.5775762,81.2280895,"190 Thiruganansampanthar Street, Trincomalee",4.2,1393.0,"supermarket,grocery_or_supermarket,store,point_of_interest,food,establishment"
ChIJN9XZ56K9-zoRwfsIodEtwx8,Cargills Express - Trincomalee,8.5850746,81.2181976,"2 Ambepussa - Kurunegala - Trincomalee Hwy, Trincomalee",4.2,262.0,"supermarket,grocery_or_supermarket,store,point_of_interest,food,establishment"
ChIJgeyv1Gii-zoRQRqRq_dnPDU,Kinniya Food City,8.5028943,81.1805569,"G53J+577, UC Rd, Kinniya",4.4,71.0,"grocery_or_supermarket,store,point_of_interest,food,establishment"
ChIJdSyBLWK9-zoRSqfdsOUaC2Y,Grean Tulsi,8.577169099999999,81.2278582,"217, 1/3, Thirugnanasampanthar Street",3.7,506.0,"restaurant,point_of_interest,food,establishment"
ChIJ5f_-Fb-8-zoRXJunKehKMtA,Central City,8.5780259,81.23148429999999,"H6HJ+6JC, Main St, Trincomalee",4.6,16.0,"grocery_or_supermarket,store,point_of_interest,food,establishment"
ChIJaVFUEOnZ_ToRgKJCGL8DSR8,Cargills Food City Express - Mannar,8.9783337,79.9186143,"No Road 01 ,Pallimulei, Mannar",4.1,393.0,"supermarket,grocery_or_supermarket,food,store,point_of_interest,establishment"
ChIJO4YDUtaU_joR8LX6QXT9L1k,Cargills Food City - Kilinochchi,9.4061536,80.4082792,"CC45+F86, Kilinochchi",4.2,395.0,"grocery_or_supermarket,store,food,point_of_interest,establishment"
ChIJCYQD-4aW_joR7cIXV1ncy1c,Cargills Factory,9.318693699999999,80.40699769999999,"8C94+CQH, Ariviyal Nagar",4.4,14.0,"food,point_of_interest,establishment"
ChIJAQAAAJCU_joR9IFiysOdEFw,Cargills Food City,9.3802886,80.3769999,"No. 7-10 Anthoneypillai Building, Karadibokku",3.6,7.0,"supermarket,grocery_or_supermarket,store,food,point_of_interest,establishment"
ChIJEz8Bb0lN-ToRpbF87JUlw24,Cargills Food City Express,9.267652199999999,80.816486,"7R98+3H5, Main Road, Mullaitivu",4.0,128.0,"grocery_or_supermarket,store,food,point_of_interest,establishment"
ChIJoYlczy0C_zoR7HEhwBGXAuA,Cargills Food City (Express) - Nelliyady,9.7995576,80.1965395,"No.163, Jaffna Rd, Nelliady",4.1,454.0,"supermarket,grocery_or_supermarket,food,store,point_of_interest,establishment"
ChIJvxpw2LlU_joRP0NBOp_i26E,Cargills Food City - Chunnakam,9.7435113,80.0273057,"No. 91, K. K. S. Road, 125 Jaffna-Kankesanturai Rd, Chunnakam",4.2,438.0,"supermarket,grocery_or_supermarket,food,store,point_of_interest,establishment"
ChIJg_XqIqpW_joR-zeHHgs0_qM,Cargills Food City - Jaffna,9.6651744,80.0138527,"No 420 Hospital Rd, Jaffna",4.3,1812.0,"supermarket,grocery_or_supermarket,food,store,point_of_interest,establishment"
ChIJvbyIJwFU_joRtYJ-n4YN4gs,Cargills Food City - Jaffna,9.6712446,80.0116105,"No. 54 Kannathiddy Rd, Jaffna",4.2,333.0,"supermarket,grocery_or_supermarket,food,store,point_of_interest,establishment"
ChIJPXg7YgBV_joRZiJnloLawH0,Cargills Food City (Express) - Kondavil,9.70218,80.03540290000001,"P22P+V5V, Kondavil",4.0,8.0,"supermarket,grocery_or_supermarket,food,store,point_of_interest,establishment"
ChIJk-g_iG9T_joRTn5z8bxdGEA,Cargills Food City - Manipay,9.7231876,79.99749729999999,"120 Jaffna-Manipay-Karainagar Rd, Manipay",4.1,242.0,"supermarket,grocery_or_supermarket,food,store,point_of_interest,establishment"
ChIJm2U37phV_joRTlvjYhg2-Tc,Cargills Foodcity-Kopay,9.7046332,80.06955839999999,"P339+RMM, Jaffna",4.3,16.0,"grocery_or_supermarket,food,store,point_of_interest,establishment"
ChIJGXr5GKpW_joRBlTaxH9yge4,Cargills Square - Jaffna,9.6654165,80.0139227,"M287+5GH, யாழ் மணிக்கூட்டுக் கோபுர வீதி, Mahathma Gandhi Rd, Jaffna",4.3,1365.0,"shopping_mall,bakery,food,store,point_of_interest,establishment"
ChIJr-l1GKpW_joRdxWwnje90vc,Majestic Cineplex - Jaffna,9.6652234,80.0135897,"Cargills Square Building, Mahathma Gandhi Rd, Jaffna",4.2,560.0,"movie_theater,point_of_interest,establishment"
ChIJTag-CaJW_joRYggXI5_guLk,Jith Food City,9.6607796,80.03088129999999,"Kachcheri, 127 Kandy Rd, Jaffna",4.1,169.0,"grocery_or_supermarket,food,store,point_of_interest,establishment"
ChIJsR4EX3FU_joRS2D__-jB4OM,Daily Food City,9.6943668,80.0156015,"273 Aadiyapatham Rd, Kokkuvil",4.2,255.0,"supermarket,grocery_or_supermarket,food,store,point_of_interest,establishment"
ChIJxax2dAhV_joRhU044_22X_A,Cargill's food city express,9.7045257,80.06920319999999,"P339+RM8, Jaffna",5.0,3.0,"shopping_mall,point_of_interest,establishment"
ChIJkQ0Ii2kB_zoRmBRBN_dlaFA,NEW LANKA FOOD CITY,9.8238187,80.1709843,"R5FC+HC2, Valvettithurai",4.2,44.0,"grocery_or_supermarket,food,store,point_of_interest,establishment"
ChIJffGQ2cQD_zoRPdoRYx-FWNY,Cargills Parking (Only for food city customers),9.799633,80.1965499,"163 Jaffna Rd, Karaveddi",,,"point_of_interest,establishment"
ChIJ7cnrOBlU_joR1Wlrjb4GxcM,Rio Ice Cream - Jaffna,9.6737278,80.0270852,"448A, AB20, Jaffna",4.3,7593.0,"restaurant,food,store,point_of_interest,establishment"
ChIJWerF9EFT_joRRIZDw4GPlVQ,Star Food Store,9.7220379,79.9970622,"PXCW+QRP, Manipay",4.6,5.0,"grocery_or_supermarket,food,store,point_of_interest,establishment"
ChIJgXW-iExV_joR2U8flRqvouw,Jaffna Food City,9.7501388,80.0291237,"Jaffna-Kankesanturai Rd, Chunnakam",4.6,10.0,"supermarket,grocery_or_supermarket,food,store,point_of_interest,establishment"
ChIJlQUAU09V_joRkppgTxqOmx0,Kopay,9.709155599999999,80.05628639999999,P354+MG7,5.0,1.0,"store,point_of_interest,establishment"
ChIJC8B7bxlU_joRlpgqCemH_5k,Annai Nagaa Food City Nallur Branch,9.6743876,80.02625689999999,"M2FG+QG2, உடையார் வீதி, Jaffna",3.8,48.0,"supermarket,grocery_or_supermarket,food,store,point_of_interest,establishment"
ChIJazXJDQBU_joRCbe9fp0Mj1A,Annai Nagaa Food City,9.6676798,80.0092122,"175 KKS Road, Jaffna Town, AB16, Jaffna",4.0,181.0,"supermarket,grocery_or_supermarket,food,store,point_of_interest,establishment"
ChIJAfV1CqJW_joRyDXD8nantTc,Anto Liquor Store,9.6605974,80.03116829999999,"M26J+6F7, A9, Jaffna",3.9,38.0,"liquor_store,store,point_of_interest,establishment"
ChIJN2RgXfBV_joRmDsfi-H0OMM,Star Food Store & Noritake,9.6927795,80.0140323,"No.34 Jaffna-Kankesanturai Rd, Kokkuvil",4.2,148.0,"supermarket,grocery_or_supermarket,store,food,point_of_interest,establishment"
ChIJ2ZQYlFZV_joRYlVDLy1CnvE,Thambiah complex,9.70218,80.03540290000001,"Cargills Food City, No 285, Kondavil",,,"point_of_interest,establishment"
ChIJvyfpRsX7_joRLd8n8drM008,Foodcity,9.6694312,80.21454750000001,"M697+QRF, Unnamed Road, Vellampakkaddy",3.0,2.0,"shopping_mall,point_of_interest,establishment"
